ps_id,region_name,subregion_name,baburin,grudinin,zhirinovskiy,putin,sobchak,suraikin,titov,yavlinskiy,papers_in_boxes,valid_papers,voters,papers_portable,papers_inside,papers_outside,papers_advance,papers_excessive,papers_acquired,papers_invalid,papers_unused,papers_lost,key
211,Smolenskaa oblast_,Ersicskaa,10,210,85,945,6,13,6,8,1194,1283,1880,94,1194,94,0,0,1962,5,674,0,Smolenskaa oblast_
212,Smolenskaa oblast_,Ersicskaa,7,90,52,460,3,8,3,2,488,625,979,141,488,141,0,0,1003,4,374,0,Smolenskaa oblast_
213,Smolenskaa oblast_,Ersicskaa,3,12,11,82,1,0,0,0,77,109,134,32,77,32,0,0,140,0,31,0,Smolenskaa oblast_
214,Smolenskaa oblast_,Ersicskaa,2,14,3,143,0,0,1,0,120,163,211,47,120,47,0,0,208,4,41,0,Smolenskaa oblast_
215,Smolenskaa oblast_,Ersicskaa,7,40,41,373,2,5,0,3,375,471,704,99,375,99,0,0,708,3,234,0,Smolenskaa oblast_
216,Smolenskaa oblast_,Ersicskaa,1,29,6,123,2,1,0,0,105,162,208,58,105,58,0,0,214,1,51,0,Smolenskaa oblast_
217,Smolenskaa oblast_,Ersicskaa,0,17,8,134,0,2,2,0,137,163,216,27,137,27,0,0,238,1,74,0,Smolenskaa oblast_
218,Smolenskaa oblast_,Ersicskaa,0,7,8,69,0,2,0,1,68,87,119,19,68,19,0,0,113,0,26,0,Smolenskaa oblast_
219,Smolenskaa oblast_,Ersicskaa,1,5,11,92,1,1,0,0,56,111,165,55,56,55,0,0,146,0,35,0,Smolenskaa oblast_
220,Smolenskaa oblast_,Ersicskaa,0,17,18,145,3,0,1,0,144,184,284,43,144,43,0,0,316,3,129,0,Smolenskaa oblast_
221,Smolenskaa oblast_,Ersicskaa,0,9,9,59,0,0,3,0,69,80,105,11,69,11,0,0,107,0,27,0,Smolenskaa oblast_
222,Smolenskaa oblast_,Ersicskaa,0,12,8,118,0,1,0,1,105,140,167,35,106,35,0,0,174,0,33,0,Smolenskaa oblast_
223,Smolenskaa oblast_,Ersicskaa,0,12,6,62,0,1,0,0,73,81,110,8,73,8,0,0,112,0,31,0,Smolenskaa oblast_
224,Smolenskaa oblast_,Kardymovskaa,5,111,82,765,8,3,9,5,976,988,1664,29,976,29,0,0,1600,17,595,0,Smolenskaa oblast_
225,Smolenskaa oblast_,Kardymovskaa,5,69,45,376,9,3,3,3,456,513,870,66,456,66,0,0,800,9,278,0,Smolenskaa oblast_
226,Smolenskaa oblast_,Kardymovskaa,6,104,66,611,11,7,9,4,784,818,1366,43,784,43,0,0,1300,9,473,0,Smolenskaa oblast_
227,Smolenskaa oblast_,Kardymovskaa,1,10,6,103,2,2,0,0,117,124,179,7,117,7,0,0,160,0,36,0,Smolenskaa oblast_
228,Smolenskaa oblast_,Kardymovskaa,6,30,28,211,2,2,2,2,246,283,513,44,246,44,0,0,450,7,160,0,Smolenskaa oblast_
229,Smolenskaa oblast_,Kardymovskaa,0,4,6,62,0,0,0,0,60,72,141,12,60,12,0,0,140,0,68,0,Smolenskaa oblast_
230,Smolenskaa oblast_,Kardymovskaa,1,33,39,371,5,2,3,3,348,457,645,111,348,111,0,0,600,2,141,0,Smolenskaa oblast_
231,Smolenskaa oblast_,Kardymovskaa,4,45,39,260,2,4,2,0,262,356,582,94,262,94,0,0,500,0,144,0,Smolenskaa oblast_
232,Smolenskaa oblast_,Kardymovskaa,1,21,14,183,1,1,0,2,192,223,350,36,192,36,0,0,300,5,72,0,Smolenskaa oblast_
233,Smolenskaa oblast_,Kardymovskaa,0,13,14,119,0,0,0,1,124,147,280,24,124,24,0,0,250,1,102,0,Smolenskaa oblast_
234,Smolenskaa oblast_,Kardymovskaa,0,21,15,133,3,0,2,0,151,174,319,23,151,23,0,0,300,0,126,0,Smolenskaa oblast_
235,Smolenskaa oblast_,Kardymovskaa,0,18,21,198,1,0,1,0,192,239,370,50,192,50,0,0,300,3,58,0,Smolenskaa oblast_
236,Smolenskaa oblast_,Kardymovskaa,1,35,23,239,1,1,1,0,232,301,466,71,232,71,0,0,450,2,147,0,Smolenskaa oblast_
237,Smolenskaa oblast_,Kardymovskaa,0,8,15,91,0,0,1,0,91,115,166,24,91,24,0,0,150,0,35,0,Smolenskaa oblast_
238,Smolenskaa oblast_,Kardymovskaa,2,32,25,145,0,2,0,0,180,206,370,30,180,30,0,0,350,4,140,0,Smolenskaa oblast_
239,Smolenskaa oblast_,Kardymovskaa,1,11,13,94,0,0,1,1,84,121,272,38,84,38,0,0,250,1,128,0,Smolenskaa oblast_
240,Smolenskaa oblast_,Krasninskaa,5,134,85,758,11,10,4,1,981,1008,1752,38,981,38,0,0,1790,11,771,0,Smolenskaa oblast_
241,Smolenskaa oblast_,Krasninskaa,4,83,60,541,6,3,3,2,616,702,1068,91,616,91,0,0,1010,5,303,0,Smolenskaa oblast_
242,Smolenskaa oblast_,Krasninskaa,1,10,18,103,1,3,0,0,76,136,208,62,76,62,0,0,212,2,74,0,Smolenskaa oblast_
243,Smolenskaa oblast_,Krasninskaa,0,8,16,124,2,2,0,2,112,154,226,42,112,42,0,0,230,0,76,0,Smolenskaa oblast_
244,Smolenskaa oblast_,Krasninskaa,1,9,10,73,0,1,1,0,81,95,156,14,81,14,0,0,143,0,48,0,Smolenskaa oblast_
245,Smolenskaa oblast_,Krasninskaa,0,5,5,77,4,0,1,0,73,92,148,19,73,19,0,0,132,0,40,0,Smolenskaa oblast_
246,Smolenskaa oblast_,Krasninskaa,1,20,19,128,0,0,1,0,95,169,281,74,95,74,0,0,277,0,108,0,Smolenskaa oblast_
247,Smolenskaa oblast_,Krasninskaa,2,14,4,58,0,0,1,0,55,79,190,25,55,25,0,0,177,1,97,0,Smolenskaa oblast_
248,Smolenskaa oblast_,Krasninskaa,2,23,24,173,0,1,2,0,217,225,432,12,217,12,0,0,383,4,154,0,Smolenskaa oblast_
249,Smolenskaa oblast_,Krasninskaa,6,119,50,533,9,5,6,3,722,731,1228,21,722,21,0,0,1260,12,517,0,Smolenskaa oblast_
250,Smolenskaa oblast_,Krasninskaa,0,26,23,247,3,3,1,1,284,304,559,26,284,26,0,0,553,6,243,0,Smolenskaa oblast_
251,Smolenskaa oblast_,Krasninskaa,2,26,17,150,0,2,1,2,143,200,390,59,143,59,0,0,411,2,209,0,Smolenskaa oblast_
252,Smolenskaa oblast_,Krasninskaa,0,7,11,85,1,1,0,1,77,106,189,29,77,29,0,0,177,0,71,0,Smolenskaa oblast_
253,Smolenskaa oblast_,Krasninskaa,3,29,14,252,2,4,1,2,257,307,583,51,257,51,0,0,577,1,269,0,Smolenskaa oblast_
254,Smolenskaa oblast_,Krasninskaa,1,11,5,93,0,1,1,0,87,112,188,25,87,25,0,0,162,0,50,0,Smolenskaa oblast_
255,Smolenskaa oblast_,Krasninskaa,1,8,17,116,4,0,0,0,108,146,214,38,108,38,0,0,208,0,62,0,Smolenskaa oblast_
256,Smolenskaa oblast_,Krasninskaa,0,34,29,236,2,0,1,0,199,302,432,104,199,104,0,0,419,1,116,0,Smolenskaa oblast_
257,Smolenskaa oblast_,Krasninskaa,0,29,13,254,1,3,0,0,257,300,538,45,257,45,0,0,532,2,230,0,Smolenskaa oblast_
258,Smolenskaa oblast_,Krasninskaa,0,7,7,103,1,0,0,0,69,118,175,50,69,50,0,0,172,1,53,0,Smolenskaa oblast_
259,Smolenskaa oblast_,Krasninskaa,1,3,6,58,0,2,0,0,48,70,111,22,48,22,0,0,109,0,39,0,Smolenskaa oblast_
260,Smolenskaa oblast_,Krasninskaa,0,4,3,88,3,1,0,0,67,99,120,32,67,32,0,0,121,0,22,0,Smolenskaa oblast_
261,Smolenskaa oblast_,Krasninskaa,1,3,7,99,0,2,0,0,81,112,182,32,81,32,0,0,181,1,68,0,Smolenskaa oblast_
262,Smolenskaa oblast_,Krasninskaa,4,14,16,185,0,0,0,0,138,219,320,84,138,84,0,0,315,3,93,0,Smolenskaa oblast_
800,Smolenskaa oblast_,Krasninskaa,8,94,55,443,10,7,3,4,600,624,1038,28,600,28,0,0,1050,4,422,0,Smolenskaa oblast_
263,Smolenskaa oblast_,Monastyrsinskaa,3,26,19,110,0,1,1,0,129,160,248,31,129,31,0,0,220,0,60,0,Smolenskaa oblast_
264,Smolenskaa oblast_,Monastyrsinskaa,2,23,18,101,0,0,2,0,124,146,184,24,124,24,0,0,170,2,22,0,Smolenskaa oblast_
265,Smolenskaa oblast_,Monastyrsinskaa,4,34,33,247,2,2,1,1,264,324,576,62,264,62,0,0,550,2,224,0,Smolenskaa oblast_
266,Smolenskaa oblast_,Monastyrsinskaa,0,21,23,158,2,0,0,2,165,206,319,41,165,41,0,0,290,0,84,0,Smolenskaa oblast_
267,Smolenskaa oblast_,Monastyrsinskaa,1,15,19,99,1,0,1,2,114,138,211,24,114,24,0,0,180,0,42,0,Smolenskaa oblast_
268,Smolenskaa oblast_,Monastyrsinskaa,1,14,12,73,0,1,0,0,89,101,114,12,89,12,0,0,110,0,9,0,Smolenskaa oblast_
269,Smolenskaa oblast_,Monastyrsinskaa,2,8,21,174,1,1,0,0,164,207,280,44,164,44,0,0,260,1,52,0,Smolenskaa oblast_
270,Smolenskaa oblast_,Monastyrsinskaa,0,14,13,112,0,1,0,1,115,141,251,26,115,26,0,0,230,0,89,0,Smolenskaa oblast_
271,Smolenskaa oblast_,Monastyrsinskaa,1,21,7,129,1,1,0,0,118,160,242,42,118,42,0,0,220,0,60,0,Smolenskaa oblast_
272,Smolenskaa oblast_,Monastyrsinskaa,7,29,48,322,6,3,1,0,357,416,666,65,357,65,0,0,620,6,198,0,Smolenskaa oblast_
273,Smolenskaa oblast_,Monastyrsinskaa,2,21,8,102,0,0,0,0,113,133,208,20,113,20,0,0,200,0,67,0,Smolenskaa oblast_
274,Smolenskaa oblast_,Monastyrsinskaa,0,5,8,75,0,0,0,2,72,90,145,19,72,19,0,0,140,1,49,0,Smolenskaa oblast_
275,Smolenskaa oblast_,Monastyrsinskaa,1,17,9,102,1,0,0,0,106,130,178,24,106,24,0,0,160,0,30,0,Smolenskaa oblast_
276,Smolenskaa oblast_,Monastyrsinskaa,2,28,5,129,0,1,0,0,134,165,293,31,134,31,0,0,280,0,115,0,Smolenskaa oblast_
277,Smolenskaa oblast_,Monastyrsinskaa,2,29,19,300,2,3,2,3,286,360,541,77,286,77,0,0,520,3,157,0,Smolenskaa oblast_
278,Smolenskaa oblast_,Monastyrsinskaa,1,9,10,113,0,0,0,1,100,134,183,35,100,35,0,0,170,1,35,0,Smolenskaa oblast_
279,Smolenskaa oblast_,Monastyrsinskaa,0,7,12,123,1,0,1,0,120,144,221,28,120,28,0,0,200,4,52,0,Smolenskaa oblast_
280,Smolenskaa oblast_,Monastyrsinskaa,0,14,5,99,0,3,0,0,91,121,195,31,91,31,0,0,200,1,78,0,Smolenskaa oblast_
281,Smolenskaa oblast_,Monastyrsinskaa,3,9,15,88,0,0,0,0,90,115,165,27,90,27,0,0,160,2,43,0,Smolenskaa oblast_
282,Smolenskaa oblast_,Monastyrsinskaa,17,251,74,650,14,5,9,5,988,1025,1776,47,988,47,0,0,1600,10,565,0,Smolenskaa oblast_
283,Smolenskaa oblast_,Monastyrsinskaa,17,235,67,705,16,10,2,3,994,1055,1726,71,994,71,0,0,1620,10,555,0,Smolenskaa oblast_
284,Smolenskaa oblast_,Novoduginskaa,0,11,7,93,1,0,0,0,77,112,143,35,77,35,0,0,144,0,32,0,Smolenskaa oblast_
285,Smolenskaa oblast_,Novoduginskaa,0,22,22,94,2,0,0,0,122,140,219,18,122,18,0,0,222,0,82,0,Smolenskaa oblast_
286,Smolenskaa oblast_,Novoduginskaa,1,22,18,199,2,2,1,2,216,247,394,34,216,34,0,0,409,3,159,0,Smolenskaa oblast_
287,Smolenskaa oblast_,Novoduginskaa,0,20,9,120,2,0,0,0,120,151,188,31,121,31,0,0,173,0,21,0,Smolenskaa oblast_
288,Smolenskaa oblast_,Novoduginskaa,1,40,36,324,3,0,1,0,342,405,590,71,342,71,0,0,591,8,178,0,Smolenskaa oblast_
289,Smolenskaa oblast_,Novoduginskaa,1,11,12,66,1,1,0,0,73,92,145,22,73,22,0,0,145,3,50,0,Smolenskaa oblast_
290,Smolenskaa oblast_,Novoduginskaa,1,21,5,90,0,2,2,0,93,121,165,28,93,28,0,0,159,0,38,0,Smolenskaa oblast_
291,Smolenskaa oblast_,Novoduginskaa,0,8,11,89,0,0,0,0,79,108,152,29,79,29,0,0,156,0,48,0,Smolenskaa oblast_
292,Smolenskaa oblast_,Novoduginskaa,2,48,31,229,4,2,0,1,208,317,490,111,208,111,0,0,469,2,150,0,Smolenskaa oblast_
293,Smolenskaa oblast_,Novoduginskaa,2,78,54,263,3,3,2,1,385,406,767,24,385,24,0,0,787,3,378,0,Smolenskaa oblast_
294,Smolenskaa oblast_,Novoduginskaa,2,71,66,332,3,4,5,1,458,484,877,30,458,30,0,0,892,4,404,0,Smolenskaa oblast_
295,Smolenskaa oblast_,Novoduginskaa,7,123,67,393,3,6,4,2,548,605,911,64,548,64,0,0,941,7,329,0,Smolenskaa oblast_
296,Smolenskaa oblast_,Novoduginskaa,0,8,12,83,0,0,0,0,86,103,142,18,86,18,0,0,131,1,27,0,Smolenskaa oblast_
297,Smolenskaa oblast_,Novoduginskaa,1,24,31,99,2,1,0,0,127,158,272,34,127,34,0,0,275,3,114,0,Smolenskaa oblast_
298,Smolenskaa oblast_,Novoduginskaa,1,6,13,96,0,0,0,0,90,116,190,26,90,26,0,0,192,0,76,0,Smolenskaa oblast_
299,Smolenskaa oblast_,Novoduginskaa,0,31,13,281,1,2,0,0,219,328,539,109,219,109,0,0,537,0,209,0,Smolenskaa oblast_
300,Smolenskaa oblast_,Novoduginskaa,1,4,16,107,0,0,0,0,96,128,228,36,96,36,0,0,229,4,97,0,Smolenskaa oblast_
301,Smolenskaa oblast_,Novoduginskaa,1,12,20,253,1,2,1,1,221,291,551,71,221,71,0,0,569,1,277,0,Smolenskaa oblast_
302,Smolenskaa oblast_,Novoduginskaa,2,19,10,112,2,0,1,0,113,146,201,33,113,33,0,0,200,0,54,0,Smolenskaa oblast_
303,Smolenskaa oblast_,Novoduginskaa,2,21,25,128,2,1,0,0,172,179,264,8,172,8,0,0,279,1,99,0,Smolenskaa oblast_
304,Smolenskaa oblast_,Pocinkovskaa,17,253,129,1176,16,13,6,9,1548,1619,2514,93,1550,93,0,0,2217,22,574,0,Smolenskaa oblast_
305,Smolenskaa oblast_,Pocinkovskaa,7,172,118,1130,15,13,10,2,1415,1467,2495,70,1416,70,0,0,2273,18,787,0,Smolenskaa oblast_
306,Smolenskaa oblast_,Pocinkovskaa,5,72,51,414,3,2,2,1,534,550,941,26,534,26,0,0,869,10,309,0,Smolenskaa oblast_
307,Smolenskaa oblast_,Pocinkovskaa,8,109,72,575,14,5,1,3,758,787,1280,41,758,41,0,0,1179,12,380,0,Smolenskaa oblast_
308,Smolenskaa oblast_,Pocinkovskaa,1,53,48,312,3,5,1,1,361,424,667,66,361,66,0,0,594,3,167,0,Smolenskaa oblast_
309,Smolenskaa oblast_,Pocinkovskaa,3,12,15,97,1,0,0,1,90,129,269,39,90,39,0,0,241,0,112,0,Smolenskaa oblast_
310,Smolenskaa oblast_,Pocinkovskaa,0,38,28,180,1,0,1,1,202,249,331,49,202,49,0,0,336,2,85,0,Smolenskaa oblast_
311,Smolenskaa oblast_,Pocinkovskaa,1,21,34,222,1,1,0,0,223,280,397,57,223,57,0,0,340,0,60,0,Smolenskaa oblast_
312,Smolenskaa oblast_,Pocinkovskaa,2,27,6,152,0,0,1,0,120,188,268,68,120,68,0,0,256,0,68,0,Smolenskaa oblast_
313,Smolenskaa oblast_,Pocinkovskaa,0,13,21,81,2,0,0,0,79,117,130,38,79,38,0,0,181,0,64,0,Smolenskaa oblast_
314,Smolenskaa oblast_,Pocinkovskaa,1,20,41,189,3,1,1,1,211,257,288,47,211,47,0,0,338,1,80,0,Smolenskaa oblast_
315,Smolenskaa oblast_,Pocinkovskaa,0,16,9,74,0,2,0,0,71,101,147,33,71,33,0,0,139,3,35,0,Smolenskaa oblast_
316,Smolenskaa oblast_,Pocinkovskaa,0,13,12,65,2,0,0,1,77,93,147,18,77,18,0,0,131,2,36,0,Smolenskaa oblast_
317,Smolenskaa oblast_,Pocinkovskaa,2,99,103,658,5,3,6,1,808,877,1511,77,808,77,0,0,1393,8,508,0,Smolenskaa oblast_
318,Smolenskaa oblast_,Pocinkovskaa,2,94,62,407,6,3,3,1,516,578,1122,73,567,73,0,0,1039,11,399,0,Smolenskaa oblast_
319,Smolenskaa oblast_,Pocinkovskaa,1,34,21,211,2,4,1,2,199,276,465,79,199,79,0,0,425,2,147,0,Smolenskaa oblast_
320,Smolenskaa oblast_,Pocinkovskaa,0,6,9,82,1,2,0,0,79,100,162,21,79,21,0,0,156,0,56,0,Smolenskaa oblast_
321,Smolenskaa oblast_,Pocinkovskaa,0,15,1,77,0,0,0,0,78,93,147,15,78,15,0,0,136,0,43,0,Smolenskaa oblast_
322,Smolenskaa oblast_,Pocinkovskaa,3,52,47,256,4,4,1,1,319,368,548,56,319,56,0,0,504,7,129,0,Smolenskaa oblast_
323,Smolenskaa oblast_,Pocinkovskaa,2,54,36,324,2,4,0,2,364,424,608,62,364,62,0,0,534,2,108,0,Smolenskaa oblast_
324,Smolenskaa oblast_,Pocinkovskaa,9,164,201,1086,17,14,12,6,1504,1509,2169,27,1504,27,0,0,1768,22,237,0,Smolenskaa oblast_
325,Smolenskaa oblast_,Pocinkovskaa,5,39,21,263,3,4,3,1,305,339,553,36,305,36,0,0,506,2,165,0,Smolenskaa oblast_
326,Smolenskaa oblast_,Pocinkovskaa,2,39,31,308,2,0,1,0,358,383,632,26,358,26,0,0,579,1,195,0,Smolenskaa oblast_
327,Smolenskaa oblast_,Pocinkovskaa,0,12,5,87,0,1,0,0,68,105,219,38,68,38,0,0,203,1,97,0,Smolenskaa oblast_
328,Smolenskaa oblast_,Pocinkovskaa,1,59,51,380,5,1,5,2,441,504,764,69,441,69,0,0,696,6,186,0,Smolenskaa oblast_
329,Smolenskaa oblast_,Pocinkovskaa,4,15,25,191,7,2,3,3,207,250,340,53,207,53,0,0,285,10,25,0,Smolenskaa oblast_
330,Smolenskaa oblast_,Pocinkovskaa,0,51,39,400,8,2,3,3,495,506,834,21,495,21,0,0,790,10,274,0,Smolenskaa oblast_
331,Smolenskaa oblast_,Pocinkovskaa,7,60,44,404,4,0,4,0,425,523,817,106,425,106,0,0,764,8,233,0,Smolenskaa oblast_
332,Smolenskaa oblast_,Pocinkovskaa,1,7,23,98,2,1,0,0,115,132,202,18,115,18,0,0,176,1,43,0,Smolenskaa oblast_
333,Smolenskaa oblast_,Pocinkovskaa,0,10,9,75,0,0,0,0,72,94,183,23,72,23,0,0,164,1,69,0,Smolenskaa oblast_
334,Smolenskaa oblast_,Pocinkovskaa,1,32,22,359,3,2,0,0,398,419,698,25,398,25,0,0,630,4,207,0,Smolenskaa oblast_
335,Smolenskaa oblast_,Pocinkovskaa,0,9,9,87,0,1,0,0,95,106,219,12,95,12,0,0,190,1,83,0,Smolenskaa oblast_
336,Smolenskaa oblast_,Pocinkovskaa,0,34,27,292,1,1,2,0,293,357,570,66,293,66,0,0,501,2,142,0,Smolenskaa oblast_
337,Smolenskaa oblast_,Pocinkovskaa,1,27,54,288,2,2,1,0,343,375,655,35,343,35,0,0,629,3,251,0,Smolenskaa oblast_
338,Smolenskaa oblast_,Pocinkovskaa,2,21,36,242,0,1,1,0,284,303,483,19,284,19,0,0,434,0,131,0,Smolenskaa oblast_
339,Smolenskaa oblast_,Pocinkovskaa,0,22,9,82,0,3,1,0,104,117,118,14,104,14,0,0,149,1,31,0,Smolenskaa oblast_
340,Smolenskaa oblast_,Pocinkovskaa,0,9,12,68,0,1,1,0,72,91,129,19,72,19,0,0,125,0,34,0,Smolenskaa oblast_
341,Smolenskaa oblast_,Pocinkovskaa,1,16,19,148,1,1,1,0,149,187,301,38,149,38,0,0,284,0,97,0,Smolenskaa oblast_
342,Smolenskaa oblast_,Pocinkovskaa,2,11,6,76,2,1,2,0,76,100,150,24,76,24,0,0,143,0,43,0,Smolenskaa oblast_
343,Smolenskaa oblast_,Pocinkovskaa,3,18,42,153,0,1,2,1,184,220,320,37,184,37,0,0,282,1,61,0,Smolenskaa oblast_
344,Smolenskaa oblast_,Roslavl_skaa,8,135,91,763,9,8,8,3,974,1025,1867,58,974,58,0,0,1850,7,818,0,Smolenskaa oblast_
345,Smolenskaa oblast_,Roslavl_skaa,4,79,48,398,6,6,2,2,504,545,1322,45,504,45,0,0,1300,4,751,0,Smolenskaa oblast_
346,Smolenskaa oblast_,Roslavl_skaa,4,98,64,490,8,5,5,3,671,677,1374,22,671,22,0,0,1350,16,657,0,Smolenskaa oblast_
347,Smolenskaa oblast_,Roslavl_skaa,5,161,131,888,10,10,7,7,1202,1219,2270,36,1202,36,0,0,2200,19,962,0,Smolenskaa oblast_
348,Smolenskaa oblast_,Roslavl_skaa,3,71,46,292,7,6,7,1,410,433,911,29,410,29,0,0,900,6,461,0,Smolenskaa oblast_
349,Smolenskaa oblast_,Roslavl_skaa,6,144,74,579,8,5,10,7,807,833,1579,36,807,36,0,0,1550,10,707,0,Smolenskaa oblast_
350,Smolenskaa oblast_,Roslavl_skaa,9,92,67,641,4,8,11,3,800,835,1709,43,800,43,0,0,1700,8,857,0,Smolenskaa oblast_
351,Smolenskaa oblast_,Roslavl_skaa,12,179,63,734,9,7,10,4,974,1018,2035,52,974,52,0,0,2050,8,1024,0,Smolenskaa oblast_
352,Smolenskaa oblast_,Roslavl_skaa,3,79,61,409,10,2,4,5,560,573,1185,21,560,21,0,0,1150,8,569,0,Smolenskaa oblast_
353,Smolenskaa oblast_,Roslavl_skaa,6,68,55,384,4,5,1,3,479,526,1017,55,479,55,0,0,950,8,416,0,Smolenskaa oblast_
354,Smolenskaa oblast_,Roslavl_skaa,8,139,88,655,9,5,3,6,877,913,1699,48,877,48,0,0,1650,12,725,0,Smolenskaa oblast_
355,Smolenskaa oblast_,Roslavl_skaa,14,141,62,611,14,4,14,1,830,861,1744,38,830,38,0,0,1700,7,832,0,Smolenskaa oblast_
356,Smolenskaa oblast_,Roslavl_skaa,10,119,61,412,6,14,4,2,607,628,1219,34,607,34,0,0,1150,13,509,0,Smolenskaa oblast_
357,Smolenskaa oblast_,Roslavl_skaa,15,174,95,747,6,8,6,7,1021,1058,2000,45,1022,45,0,0,2000,8,933,0,Smolenskaa oblast_
358,Smolenskaa oblast_,Roslavl_skaa,9,139,75,717,10,7,9,3,929,969,1949,55,929,55,0,0,1900,15,916,0,Smolenskaa oblast_
359,Smolenskaa oblast_,Roslavl_skaa,2,54,54,376,5,6,5,2,465,504,970,43,465,43,0,0,950,4,442,0,Smolenskaa oblast_
360,Smolenskaa oblast_,Roslavl_skaa,5,141,115,786,11,9,5,6,1059,1078,2233,35,1059,35,0,0,2200,16,1106,0,Smolenskaa oblast_
361,Smolenskaa oblast_,Roslavl_skaa,11,136,108,746,6,10,5,6,994,1028,1808,43,994,43,0,0,1700,9,663,0,Smolenskaa oblast_
362,Smolenskaa oblast_,Roslavl_skaa,9,84,51,445,10,1,3,2,530,605,1083,84,530,84,0,0,1000,9,386,0,Smolenskaa oblast_
363,Smolenskaa oblast_,Roslavl_skaa,0,107,57,611,8,10,4,3,793,800,1498,25,793,25,0,0,1500,18,682,0,Smolenskaa oblast_
364,Smolenskaa oblast_,Roslavl_skaa,9,132,104,666,11,10,6,5,930,943,1843,29,930,29,0,0,1750,16,791,0,Smolenskaa oblast_
365,Smolenskaa oblast_,Roslavl_skaa,2,161,94,897,14,11,7,6,1180,1192,2020,40,1180,40,0,0,2000,28,780,0,Smolenskaa oblast_
366,Smolenskaa oblast_,Roslavl_skaa,10,205,99,801,14,6,9,3,1106,1147,2089,50,1106,50,0,0,2100,9,944,0,Smolenskaa oblast_
367,Smolenskaa oblast_,Roslavl_skaa,14,224,118,954,15,15,10,11,1366,1361,2394,19,1366,19,0,0,2350,24,965,0,Smolenskaa oblast_
368,Smolenskaa oblast_,Roslavl_skaa,10,163,74,872,8,7,4,7,1105,1145,1643,48,1105,48,0,0,1650,8,497,0,Smolenskaa oblast_
369,Smolenskaa oblast_,Roslavl_skaa,1,53,43,350,3,0,3,1,398,454,773,59,398,59,0,0,750,3,293,0,Smolenskaa oblast_
370,Smolenskaa oblast_,Roslavl_skaa,2,31,15,170,3,1,2,0,188,224,318,36,188,36,0,0,300,0,76,0,Smolenskaa oblast_
371,Smolenskaa oblast_,Roslavl_skaa,1,14,32,170,0,3,0,1,184,221,322,40,184,40,0,0,300,3,76,0,Smolenskaa oblast_
372,Smolenskaa oblast_,Roslavl_skaa,1,36,22,278,0,1,1,0,247,339,426,95,247,95,0,0,400,3,58,0,Smolenskaa oblast_
373,Smolenskaa oblast_,Roslavl_skaa,5,82,52,529,4,0,1,3,646,676,1281,41,646,41,0,0,1250,11,563,0,Smolenskaa oblast_
374,Smolenskaa oblast_,Roslavl_skaa,1,11,18,125,0,1,1,0,109,157,233,49,109,49,0,0,200,1,42,0,Smolenskaa oblast_
375,Smolenskaa oblast_,Roslavl_skaa,1,41,31,436,2,4,0,2,427,517,621,91,427,91,0,0,600,1,82,0,Smolenskaa oblast_
376,Smolenskaa oblast_,Roslavl_skaa,2,14,27,222,3,0,0,0,222,268,295,47,222,47,0,0,300,1,31,0,Smolenskaa oblast_
377,Smolenskaa oblast_,Roslavl_skaa,6,173,143,814,18,12,8,6,1079,1180,2157,112,1079,112,0,0,2200,11,1009,0,Smolenskaa oblast_
378,Smolenskaa oblast_,Roslavl_skaa,0,7,23,158,0,0,1,0,158,189,303,32,158,32,0,0,300,1,110,0,Smolenskaa oblast_
379,Smolenskaa oblast_,Roslavl_skaa,1,36,31,262,3,0,1,0,228,334,516,107,228,107,0,0,450,1,115,0,Smolenskaa oblast_
380,Smolenskaa oblast_,Roslavl_skaa,2,32,39,410,2,2,2,0,440,489,693,50,440,50,0,0,700,1,210,0,Smolenskaa oblast_
381,Smolenskaa oblast_,Roslavl_skaa,13,32,51,265,10,3,3,12,246,389,471,148,246,148,0,0,450,5,56,0,Smolenskaa oblast_
382,Smolenskaa oblast_,Roslavl_skaa,3,43,27,441,3,5,1,0,402,523,866,128,402,128,0,0,900,7,370,0,Smolenskaa oblast_
383,Smolenskaa oblast_,Roslavl_skaa,6,112,80,605,8,9,1,4,734,825,1341,101,734,101,0,0,1350,10,515,0,Smolenskaa oblast_
384,Smolenskaa oblast_,Roslavl_skaa,9,105,79,579,13,11,3,4,635,803,1383,180,635,180,0,0,1400,12,585,0,Smolenskaa oblast_
385,Smolenskaa oblast_,Roslavl_skaa,4,37,36,371,3,3,0,2,350,456,692,108,350,108,0,0,700,2,242,0,Smolenskaa oblast_
386,Smolenskaa oblast_,Roslavl_skaa,0,31,35,398,2,0,1,1,350,468,668,123,350,123,0,0,650,5,177,0,Smolenskaa oblast_
387,Smolenskaa oblast_,Roslavl_skaa,3,24,29,345,6,1,1,0,291,409,632,123,291,123,0,0,600,5,186,0,Smolenskaa oblast_
388,Smolenskaa oblast_,Roslavl_skaa,0,19,20,167,1,3,1,0,162,211,314,50,162,50,0,0,300,1,88,0,Smolenskaa oblast_
389,Smolenskaa oblast_,Roslavl_skaa,2,23,13,189,1,0,1,1,181,230,338,50,181,50,0,0,300,1,69,0,Smolenskaa oblast_
390,Smolenskaa oblast_,Roslavl_skaa,3,41,39,340,1,0,0,3,250,427,513,177,250,177,0,0,500,0,73,0,Smolenskaa oblast_
391,Smolenskaa oblast_,Rudnanskaa,7,129,63,708,11,7,6,6,861,937,1360,82,861,82,0,0,1400,6,457,0,Smolenskaa oblast_
392,Smolenskaa oblast_,Rudnanskaa,3,85,50,505,5,1,4,3,622,656,976,47,622,47,0,0,1000,13,331,0,Smolenskaa oblast_
393,Smolenskaa oblast_,Rudnanskaa,7,117,65,701,8,8,3,4,878,913,1345,48,878,48,0,0,1350,13,424,0,Smolenskaa oblast_
394,Smolenskaa oblast_,Rudnanskaa,6,129,66,583,12,3,1,4,723,804,1155,86,723,86,0,0,1150,5,341,0,Smolenskaa oblast_
395,Smolenskaa oblast_,Rudnanskaa,3,48,39,284,4,3,4,1,362,386,573,27,362,27,0,0,600,3,211,0,Smolenskaa oblast_
396,Smolenskaa oblast_,Rudnanskaa,4,144,82,653,12,7,5,9,873,916,1276,62,873,62,0,0,1340,19,405,0,Smolenskaa oblast_
397,Smolenskaa oblast_,Rudnanskaa,2,81,67,558,5,3,3,3,693,722,1000,37,694,37,0,0,1000,8,269,0,Smolenskaa oblast_
398,Smolenskaa oblast_,Rudnanskaa,2,56,29,346,2,3,0,1,349,439,680,97,349,97,0,0,700,7,254,0,Smolenskaa oblast_
399,Smolenskaa oblast_,Rudnanskaa,4,47,15,222,1,2,1,1,252,293,459,44,252,44,0,0,520,3,224,0,Smolenskaa oblast_
400,Smolenskaa oblast_,Rudnanskaa,3,43,48,246,1,3,2,1,331,347,585,22,331,22,0,0,630,6,277,0,Smolenskaa oblast_
401,Smolenskaa oblast_,Rudnanskaa,2,61,28,346,2,3,3,2,431,447,728,19,431,19,0,0,770,3,320,0,Smolenskaa oblast_
402,Smolenskaa oblast_,Rudnanskaa,0,28,17,185,2,1,1,0,137,234,327,98,137,98,0,0,300,1,65,0,Smolenskaa oblast_
403,Smolenskaa oblast_,Rudnanskaa,1,12,11,153,0,2,1,0,121,180,268,60,121,60,0,0,270,1,89,0,Smolenskaa oblast_
404,Smolenskaa oblast_,Rudnanskaa,0,12,17,122,2,2,0,0,79,155,202,76,79,76,0,0,220,0,65,0,Smolenskaa oblast_
405,Smolenskaa oblast_,Rudnanskaa,1,58,29,244,2,1,1,0,245,336,505,91,245,91,0,0,530,0,194,0,Smolenskaa oblast_
406,Smolenskaa oblast_,Rudnanskaa,2,4,10,102,0,0,0,0,67,118,190,52,67,52,0,0,225,1,106,0,Smolenskaa oblast_
407,Smolenskaa oblast_,Rudnanskaa,0,11,5,78,0,2,0,0,84,96,127,13,84,13,0,0,130,1,33,0,Smolenskaa oblast_
408,Smolenskaa oblast_,Rudnanskaa,0,15,5,62,2,1,0,0,78,85,140,12,78,12,0,0,145,5,55,0,Smolenskaa oblast_
409,Smolenskaa oblast_,Rudnanskaa,3,27,13,215,1,2,1,1,206,263,351,58,206,58,0,0,370,1,106,0,Smolenskaa oblast_
410,Smolenskaa oblast_,Rudnanskaa,0,2,7,79,2,0,1,0,53,91,120,40,53,40,0,0,115,2,22,0,Smolenskaa oblast_
411,Smolenskaa oblast_,Rudnanskaa,2,35,17,176,0,1,1,1,188,233,362,47,188,47,0,0,440,2,205,0,Smolenskaa oblast_
412,Smolenskaa oblast_,Rudnanskaa,5,28,33,332,4,2,2,0,367,406,563,44,367,44,0,0,590,5,179,0,Smolenskaa oblast_
413,Smolenskaa oblast_,Rudnanskaa,0,10,11,111,1,0,0,0,87,133,172,46,87,46,0,0,185,0,52,0,Smolenskaa oblast_
414,Smolenskaa oblast_,Rudnanskaa,1,21,13,150,2,2,0,0,163,189,269,26,163,26,0,0,280,0,91,0,Smolenskaa oblast_
415,Smolenskaa oblast_,Rudnanskaa,2,12,8,173,1,0,0,4,148,200,273,53,148,53,0,0,300,1,99,0,Smolenskaa oblast_
416,Smolenskaa oblast_,Rudnanskaa,0,18,21,209,1,6,1,0,179,256,315,79,179,79,0,0,320,2,62,0,Smolenskaa oblast_
417,Smolenskaa oblast_,Rudnanskaa,3,45,34,279,3,2,2,0,262,368,444,107,262,107,0,0,460,1,91,0,Smolenskaa oblast_
418,Smolenskaa oblast_,Rudnanskaa,0,7,9,107,1,1,0,1,88,126,204,38,88,38,0,0,220,0,94,0,Smolenskaa oblast_
419,Smolenskaa oblast_,Rudnanskaa,0,53,32,262,3,1,2,0,323,353,462,35,323,35,0,0,490,5,132,0,Smolenskaa oblast_
420,Smolenskaa oblast_,Rudnanskaa,5,28,47,353,12,4,0,1,415,450,598,40,415,40,0,0,660,5,205,0,Smolenskaa oblast_
421,Smolenskaa oblast_,Rudnanskaa,1,11,9,126,0,2,0,1,133,150,188,18,133,18,0,0,190,1,39,0,Smolenskaa oblast_
422,Smolenskaa oblast_,Rudnanskaa,4,58,35,497,1,1,1,2,499,599,727,104,499,104,0,0,780,4,177,0,Smolenskaa oblast_
423,Smolenskaa oblast_,Rudnanskaa,1,9,5,81,1,0,0,0,49,97,132,48,49,48,0,0,150,0,53,0,Smolenskaa oblast_
424,Smolenskaa oblast_,Rudnanskaa,0,22,25,74,3,0,0,0,104,124,191,20,104,20,0,0,200,0,76,0,Smolenskaa oblast_
425,Smolenskaa oblast_,Rudnanskaa,0,9,7,116,1,0,0,0,81,133,226,56,81,56,0,0,255,4,118,0,Smolenskaa oblast_
426,Smolenskaa oblast_,Rudnanskaa,3,10,11,76,1,3,0,0,79,104,130,25,79,25,0,0,137,0,33,0,Smolenskaa oblast_
427,Smolenskaa oblast_,Rudnanskaa,2,12,12,107,0,2,0,0,92,135,154,43,92,43,0,0,163,0,28,0,Smolenskaa oblast_
428,Smolenskaa oblast_,Rudnanskaa,1,10,11,123,0,0,1,0,107,146,161,39,107,39,0,0,170,0,24,0,Smolenskaa oblast_
429,Smolenskaa oblast_,Rudnanskaa,0,11,5,77,1,0,0,0,48,94,121,46,48,46,0,0,145,0,51,0,Smolenskaa oblast_
430,Smolenskaa oblast_,Safonovskaa,13,220,161,1044,25,10,9,10,1449,1492,2380,61,1450,61,0,0,2380,18,869,0,Smolenskaa oblast_
431,Smolenskaa oblast_,Safonovskaa,3,77,55,414,4,7,5,4,555,569,920,19,555,19,0,0,910,5,336,0,Smolenskaa oblast_
432,Smolenskaa oblast_,Safonovskaa,7,197,139,1044,12,16,3,12,1361,1430,2287,86,1361,86,0,0,2233,17,786,0,Smolenskaa oblast_
433,Smolenskaa oblast_,Safonovskaa,8,54,49,275,5,5,3,3,397,402,646,11,397,11,0,0,627,6,219,0,Smolenskaa oblast_
434,Smolenskaa oblast_,Safonovskaa,9,104,85,658,7,7,7,8,883,885,1422,16,883,16,0,0,1403,14,504,0,Smolenskaa oblast_
435,Smolenskaa oblast_,Safonovskaa,13,237,138,944,13,11,10,10,1378,1376,2220,24,1378,24,0,0,2237,26,835,0,Smolenskaa oblast_
436,Smolenskaa oblast_,Safonovskaa,7,136,119,782,18,9,4,5,1080,1080,1770,23,1080,23,0,0,1769,23,666,0,Smolenskaa oblast_
437,Smolenskaa oblast_,Safonovskaa,12,163,118,803,13,13,12,13,1130,1147,1801,30,1130,30,0,0,1813,13,653,0,Smolenskaa oblast_
438,Smolenskaa oblast_,Safonovskaa,7,88,43,455,14,6,2,3,613,618,996,16,613,16,0,0,1010,11,381,0,Smolenskaa oblast_
439,Smolenskaa oblast_,Safonovskaa,8,186,106,809,18,11,6,4,1137,1148,1928,21,1137,21,0,0,1988,10,830,0,Smolenskaa oblast_
440,Smolenskaa oblast_,Safonovskaa,11,240,158,1013,15,11,7,8,1470,1463,2375,22,1470,22,0,0,2399,29,907,0,Smolenskaa oblast_
441,Smolenskaa oblast_,Safonovskaa,2,86,76,433,6,6,4,5,607,618,1103,24,607,24,0,0,1120,13,489,0,Smolenskaa oblast_
442,Smolenskaa oblast_,Safonovskaa,10,121,115,617,14,7,7,5,903,896,1503,6,903,6,0,0,1523,13,614,0,Smolenskaa oblast_
443,Smolenskaa oblast_,Safonovskaa,6,142,92,712,15,8,6,8,950,989,1461,52,950,52,0,0,1435,13,433,0,Smolenskaa oblast_
444,Smolenskaa oblast_,Safonovskaa,8,122,82,492,4,12,5,9,728,734,1103,9,728,9,0,0,1087,3,350,0,Smolenskaa oblast_
445,Smolenskaa oblast_,Safonovskaa,6,136,88,657,11,6,7,8,912,919,1409,16,912,16,0,0,1411,9,483,0,Smolenskaa oblast_
446,Smolenskaa oblast_,Safonovskaa,3,56,47,345,7,3,4,0,460,465,910,12,460,12,0,0,933,7,461,0,Smolenskaa oblast_
447,Smolenskaa oblast_,Safonovskaa,6,41,40,311,1,1,2,0,385,402,907,25,385,25,0,0,909,8,499,0,Smolenskaa oblast_
448,Smolenskaa oblast_,Safonovskaa,4,42,46,306,1,7,1,4,404,411,797,16,404,16,0,0,809,9,389,0,Smolenskaa oblast_
449,Smolenskaa oblast_,Safonovskaa,10,65,50,276,12,8,3,4,428,428,767,7,428,7,0,0,790,7,355,0,Smolenskaa oblast_
450,Smolenskaa oblast_,Safonovskaa,7,155,115,713,14,12,10,4,1028,1030,1723,17,1028,17,0,0,1736,15,691,0,Smolenskaa oblast_
451,Smolenskaa oblast_,Safonovskaa,16,190,115,730,8,14,5,5,1078,1083,1689,23,1078,23,0,0,1716,18,615,0,Smolenskaa oblast_
452,Smolenskaa oblast_,Safonovskaa,5,140,82,737,16,9,7,5,987,1001,1601,30,987,30,0,0,1580,16,563,0,Smolenskaa oblast_
453,Smolenskaa oblast_,Safonovskaa,0,17,15,94,0,0,1,1,112,128,184,17,112,17,0,0,179,1,50,0,Smolenskaa oblast_
454,Smolenskaa oblast_,Safonovskaa,1,56,44,585,7,5,0,0,631,698,869,74,631,74,0,0,883,7,178,0,Smolenskaa oblast_
455,Smolenskaa oblast_,Safonovskaa,0,26,7,227,6,4,0,0,244,270,345,27,244,27,0,0,346,1,75,0,Smolenskaa oblast_
456,Smolenskaa oblast_,Safonovskaa,3,19,15,167,0,2,1,0,201,207,302,9,201,9,0,0,291,3,81,0,Smolenskaa oblast_
457,Smolenskaa oblast_,Safonovskaa,0,24,18,203,0,1,0,0,216,246,291,35,216,35,0,0,312,5,61,0,Smolenskaa oblast_
458,Smolenskaa oblast_,Safonovskaa,3,37,59,373,1,1,0,0,453,474,644,21,453,21,0,0,658,0,184,0,Smolenskaa oblast_
459,Smolenskaa oblast_,Safonovskaa,1,19,15,129,0,0,0,0,140,164,260,24,140,24,0,0,275,0,111,0,Smolenskaa oblast_
460,Smolenskaa oblast_,Safonovskaa,0,20,24,183,1,2,0,1,218,231,260,17,218,17,0,0,261,4,26,0,Smolenskaa oblast_
461,Smolenskaa oblast_,Safonovskaa,4,63,65,357,9,5,1,3,418,507,763,92,418,92,0,0,783,3,273,0,Smolenskaa oblast_
462,Smolenskaa oblast_,Safonovskaa,3,40,29,262,0,2,0,3,238,339,435,103,238,103,0,0,392,2,51,0,Smolenskaa oblast_
463,Smolenskaa oblast_,Safonovskaa,3,42,14,367,2,0,0,0,388,428,475,41,388,41,0,0,480,1,51,0,Smolenskaa oblast_
464,Smolenskaa oblast_,Safonovskaa,3,12,16,121,1,1,2,0,125,156,207,32,125,32,0,0,214,1,57,0,Smolenskaa oblast_
465,Smolenskaa oblast_,Safonovskaa,2,13,4,188,3,1,1,0,187,212,291,26,187,26,0,0,302,1,89,0,Smolenskaa oblast_
466,Smolenskaa oblast_,Safonovskaa,0,16,22,180,2,1,3,0,188,224,300,36,188,36,0,0,309,0,85,0,Smolenskaa oblast_
467,Smolenskaa oblast_,Safonovskaa,6,105,72,642,6,5,0,1,760,837,1294,89,760,89,0,0,1369,12,520,0,Smolenskaa oblast_
468,Smolenskaa oblast_,Safonovskaa,3,31,21,364,0,0,0,0,381,419,499,38,381,38,0,0,507,0,88,0,Smolenskaa oblast_
469,Smolenskaa oblast_,Safonovskaa,7,34,21,312,4,1,1,1,340,381,463,41,340,41,0,0,450,0,69,0,Smolenskaa oblast_
470,Smolenskaa oblast_,Safonovskaa,1,33,34,415,3,2,2,2,416,492,563,77,416,77,0,0,560,1,67,0,Smolenskaa oblast_
471,Smolenskaa oblast_,Safonovskaa,2,21,35,246,2,0,3,2,223,311,449,89,223,89,0,0,469,1,157,0,Smolenskaa oblast_
472,Smolenskaa oblast_,Safonovskaa,2,23,29,495,1,1,1,1,499,553,605,55,499,55,0,0,605,1,51,0,Smolenskaa oblast_
473,Smolenskaa oblast_,Safonovskaa,2,12,14,248,3,1,0,0,214,280,321,67,214,67,0,0,317,1,36,0,Smolenskaa oblast_
474,Smolenskaa oblast_,Zadneprovskaa,2,44,29,290,0,2,6,2,326,375,680,51,326,51,0,0,650,2,273,0,Smolenskaa oblast_
475,Smolenskaa oblast_,Zadneprovskaa,3,120,76,680,14,6,4,6,898,909,1538,22,898,22,0,0,1500,11,580,0,Smolenskaa oblast_
476,Smolenskaa oblast_,Zadneprovskaa,6,111,81,825,25,6,7,7,1041,1068,1654,36,1041,36,0,0,1600,9,523,0,Smolenskaa oblast_
477,Smolenskaa oblast_,Zadneprovskaa,3,125,69,520,10,9,6,10,708,752,1331,51,708,51,0,0,1200,7,441,0,Smolenskaa oblast_
478,Smolenskaa oblast_,Zadneprovskaa,10,105,70,538,17,1,3,4,680,748,1338,75,680,75,0,0,1300,7,545,0,Smolenskaa oblast_
479,Smolenskaa oblast_,Zadneprovskaa,20,226,196,2098,51,16,10,14,2618,2631,3728,39,2618,39,0,0,2900,26,243,0,Smolenskaa oblast_
480,Smolenskaa oblast_,Zadneprovskaa,10,102,50,612,11,6,7,9,777,807,1424,44,777,44,0,0,1200,14,379,0,Smolenskaa oblast_
481,Smolenskaa oblast_,Zadneprovskaa,2,43,18,250,6,3,3,0,297,325,582,31,297,31,0,0,500,3,172,0,Smolenskaa oblast_
482,Smolenskaa oblast_,Zadneprovskaa,2,32,12,135,2,2,0,0,169,185,400,19,169,19,0,0,400,3,212,0,Smolenskaa oblast_
483,Smolenskaa oblast_,Zadneprovskaa,9,141,62,679,12,7,4,6,901,920,1627,39,901,39,0,0,1600,20,660,0,Smolenskaa oblast_
484,Smolenskaa oblast_,Zadneprovskaa,5,56,30,1133,10,0,7,6,1225,1247,1483,30,1225,30,0,0,1400,8,145,0,Smolenskaa oblast_
485,Smolenskaa oblast_,Zadneprovskaa,11,170,85,1409,22,9,8,9,1718,1723,2352,30,1718,30,0,0,2100,25,352,0,Smolenskaa oblast_
486,Smolenskaa oblast_,Zadneprovskaa,13,203,116,1081,23,5,8,13,1431,1462,2325,48,1431,48,0,0,2200,17,721,0,Smolenskaa oblast_
487,Smolenskaa oblast_,Zadneprovskaa,9,152,73,814,15,11,8,16,1039,1098,1840,71,1040,71,0,0,1800,12,689,0,Smolenskaa oblast_
488,Smolenskaa oblast_,Zadneprovskaa,16,200,115,1134,25,19,16,15,1507,1540,2556,48,1508,48,0,0,2500,15,944,0,Smolenskaa oblast_
489,Smolenskaa oblast_,Zadneprovskaa,9,166,93,821,18,12,13,12,1124,1144,2010,28,1127,28,0,0,1900,8,745,0,Smolenskaa oblast_
490,Smolenskaa oblast_,Zadneprovskaa,11,152,78,827,10,8,11,10,1068,1107,1819,51,1068,51,0,0,1700,12,581,0,Smolenskaa oblast_
491,Smolenskaa oblast_,Zadneprovskaa,0,21,15,129,0,1,0,0,144,166,316,24,144,24,0,0,250,2,82,0,Smolenskaa oblast_
492,Smolenskaa oblast_,Zadneprovskaa,9,182,96,928,22,10,10,11,1262,1268,1926,25,1262,25,0,0,1900,19,613,0,Smolenskaa oblast_
493,Smolenskaa oblast_,Zadneprovskaa,13,313,116,1382,32,10,15,20,1909,1901,2893,15,1909,15,0,0,2800,23,876,0,Smolenskaa oblast_
494,Smolenskaa oblast_,Zadneprovskaa,7,214,91,995,33,4,14,14,1363,1372,2376,19,1363,19,0,0,2300,10,918,0,Smolenskaa oblast_
495,Smolenskaa oblast_,Zadneprovskaa,8,208,107,1091,31,20,10,9,1468,1484,2495,30,1468,30,0,0,2400,14,902,0,Smolenskaa oblast_
496,Smolenskaa oblast_,Zadneprovskaa,8,208,76,905,21,6,15,12,1217,1251,1874,42,1217,42,0,0,1900,8,641,0,Smolenskaa oblast_
497,Smolenskaa oblast_,Zadneprovskaa,6,153,73,729,16,6,7,6,982,996,1889,30,983,30,0,0,1900,16,887,0,Smolenskaa oblast_
498,Smolenskaa oblast_,Zadneprovskaa,9,184,88,814,23,12,9,14,1129,1153,1919,38,1129,38,0,0,1900,14,733,0,Smolenskaa oblast_
499,Smolenskaa oblast_,Zadneprovskaa,6,137,56,678,14,11,7,12,890,921,1466,46,890,46,0,0,1400,15,464,0,Smolenskaa oblast_
500,Smolenskaa oblast_,Zadneprovskaa,14,127,83,790,18,4,8,5,1032,1049,1773,35,1032,35,0,0,1700,18,633,0,Smolenskaa oblast_
501,Smolenskaa oblast_,Zadneprovskaa,18,181,81,974,19,19,16,12,1306,1320,2171,34,1306,34,0,0,2000,20,660,0,Smolenskaa oblast_
502,Smolenskaa oblast_,Zadneprovskaa,8,164,64,767,23,12,9,6,1038,1053,1643,29,1038,29,0,0,1600,14,533,0,Smolenskaa oblast_
503,Smolenskaa oblast_,Zadneprovskaa,15,224,64,846,22,13,18,15,1182,1217,1895,41,1182,41,0,0,1900,6,677,0,Smolenskaa oblast_
504,Smolenskaa oblast_,Zadneprovskaa,7,206,73,757,12,8,12,14,1062,1089,1875,35,1062,35,0,0,1900,8,803,0,Smolenskaa oblast_
505,Smolenskaa oblast_,Zadneprovskaa,4,115,69,696,15,8,7,12,893,926,1561,45,893,45,0,0,1500,12,562,0,Smolenskaa oblast_
506,Smolenskaa oblast_,Zadneprovskaa,8,96,42,607,9,6,7,4,741,779,1420,50,742,50,0,0,1400,12,608,0,Smolenskaa oblast_
507,Smolenskaa oblast_,Zadneprovskaa,3,95,63,672,17,5,3,11,825,869,1633,52,825,52,0,0,1600,8,723,0,Smolenskaa oblast_
508,Smolenskaa oblast_,Zadneprovskaa,9,131,86,757,21,9,7,7,935,1027,2020,102,935,102,0,0,1900,10,863,0,Smolenskaa oblast_
509,Smolenskaa oblast_,Zadneprovskaa,10,145,71,851,15,8,3,11,1067,1114,1927,55,1067,55,0,0,1900,8,778,0,Smolenskaa oblast_
510,Smolenskaa oblast_,Zadneprovskaa,8,117,86,789,12,7,4,3,1013,1026,1803,23,1013,23,0,0,1700,10,664,0,Smolenskaa oblast_
511,Smolenskaa oblast_,Zadneprovskaa,6,98,97,714,20,7,3,3,909,948,1629,53,909,53,0,0,1600,14,638,0,Smolenskaa oblast_
512,Smolenskaa oblast_,Zadneprovskaa,6,30,23,275,4,5,2,2,279,347,608,69,279,69,0,0,500,1,152,0,Smolenskaa oblast_
513,Smolenskaa oblast_,Zadneprovskaa,7,76,44,396,3,5,4,5,490,540,918,55,490,55,0,0,800,5,255,0,Smolenskaa oblast_
514,Smolenskaa oblast_,Zadneprovskaa,3,46,29,290,6,7,7,3,382,391,813,14,382,14,0,0,800,5,404,0,Smolenskaa oblast_
515,Smolenskaa oblast_,Zadneprovskaa,9,93,57,542,22,4,6,6,719,739,1280,34,719,34,0,0,1200,14,447,0,Smolenskaa oblast_
516,Smolenskaa oblast_,Zadneprovskaa,16,176,95,1090,35,10,16,14,1280,1452,2369,198,1280,198,0,0,2000,26,522,0,Smolenskaa oblast_
517,Smolenskaa oblast_,Zadneprovskaa,9,197,100,1024,28,13,7,13,1218,1391,2398,194,1218,194,0,0,2000,21,588,0,Smolenskaa oblast_
518,Smolenskaa oblast_,Zadneprovskaa,9,158,86,961,24,7,15,14,1235,1274,2283,43,1235,43,0,0,2000,4,722,0,Smolenskaa oblast_
519,Smolenskaa oblast_,Zadneprovskaa,5,62,41,275,7,5,2,9,396,406,727,18,396,18,0,0,600,8,186,0,Smolenskaa oblast_
1,Smolenskaa oblast_,Velijskaa,0,14,9,121,0,0,0,0,113,144,228,34,113,34,0,0,215,3,68,0,Smolenskaa oblast_
2,Smolenskaa oblast_,Velijskaa,1,16,14,166,1,1,1,0,130,200,304,70,130,70,0,0,308,0,108,0,Smolenskaa oblast_
3,Smolenskaa oblast_,Velijskaa,4,14,14,130,0,1,0,0,114,163,263,49,114,49,0,0,263,0,100,0,Smolenskaa oblast_
4,Smolenskaa oblast_,Velijskaa,1,27,31,175,1,1,0,0,168,236,370,69,168,69,0,0,364,1,127,0,Smolenskaa oblast_
5,Smolenskaa oblast_,Velijskaa,0,8,21,125,1,1,0,0,129,156,277,29,129,29,0,0,276,2,118,0,Smolenskaa oblast_
6,Smolenskaa oblast_,Velijskaa,0,17,26,155,1,0,0,0,155,199,272,46,155,46,0,0,275,2,74,0,Smolenskaa oblast_
7,Smolenskaa oblast_,Velijskaa,0,30,33,349,2,3,4,2,353,423,642,75,353,75,0,0,615,5,187,0,Smolenskaa oblast_
8,Smolenskaa oblast_,Velijskaa,1,25,33,306,1,2,1,1,231,370,547,141,231,141,0,0,522,2,150,0,Smolenskaa oblast_
9,Smolenskaa oblast_,Velijskaa,8,154,101,762,12,6,7,3,1007,1053,1999,57,1007,57,0,0,1985,11,921,0,Smolenskaa oblast_
10,Smolenskaa oblast_,Velijskaa,7,204,132,992,16,9,9,3,1340,1372,2735,53,1340,53,0,0,2593,21,1200,0,Smolenskaa oblast_
11,Smolenskaa oblast_,Velijskaa,2,111,93,789,9,3,4,4,958,1015,2001,68,958,68,0,0,1921,11,895,0,Smolenskaa oblast_
520,Smolenskaa oblast_,Leninskaa,10,101,42,424,18,13,5,11,612,624,985,24,612,24,0,0,800,12,164,0,Smolenskaa oblast_
521,Smolenskaa oblast_,Leninskaa,7,78,28,312,19,2,5,13,461,464,687,7,461,7,0,0,550,4,82,0,Smolenskaa oblast_
522,Smolenskaa oblast_,Leninskaa,10,146,23,486,31,4,12,13,721,725,1071,17,721,17,0,0,850,13,112,0,Smolenskaa oblast_
523,Smolenskaa oblast_,Leninskaa,9,166,65,822,25,14,15,24,1124,1140,1929,37,1125,37,0,0,1800,21,638,0,Smolenskaa oblast_
524,Smolenskaa oblast_,Leninskaa,18,169,58,779,36,10,19,20,1068,1109,1776,51,1068,51,0,0,1700,10,581,0,Smolenskaa oblast_
525,Smolenskaa oblast_,Leninskaa,18,285,65,1173,54,12,24,41,1644,1672,2562,53,1645,53,0,0,2500,25,802,0,Smolenskaa oblast_
526,Smolenskaa oblast_,Leninskaa,16,174,64,874,37,6,18,23,1179,1212,1840,47,1180,47,0,0,1800,14,573,0,Smolenskaa oblast_
527,Smolenskaa oblast_,Leninskaa,19,217,80,921,40,11,20,21,1302,1329,2063,42,1302,42,0,0,1900,15,556,0,Smolenskaa oblast_
528,Smolenskaa oblast_,Leninskaa,5,78,31,345,10,4,9,17,496,499,823,11,497,11,0,0,750,8,242,0,Smolenskaa oblast_
529,Smolenskaa oblast_,Leninskaa,12,160,179,993,82,12,11,30,1042,1479,2159,468,1044,469,0,0,1700,31,187,0,Smolenskaa oblast_
530,Smolenskaa oblast_,Leninskaa,11,195,88,922,28,19,14,13,1281,1290,1956,22,1281,22,0,0,1800,13,497,0,Smolenskaa oblast_
531,Smolenskaa oblast_,Leninskaa,14,265,115,1151,36,10,24,11,1620,1626,2518,21,1620,21,0,0,2400,15,759,0,Smolenskaa oblast_
532,Smolenskaa oblast_,Leninskaa,9,171,77,804,20,5,6,11,1095,1103,1734,21,1095,21,0,0,1700,13,584,0,Smolenskaa oblast_
533,Smolenskaa oblast_,Leninskaa,17,208,90,1044,23,13,14,6,1366,1415,2368,61,1366,61,0,0,2400,12,973,0,Smolenskaa oblast_
534,Smolenskaa oblast_,Leninskaa,19,210,104,1155,41,17,14,23,1564,1583,2550,53,1564,53,0,0,2400,34,783,0,Smolenskaa oblast_
535,Smolenskaa oblast_,Leninskaa,12,252,88,1103,47,13,15,24,1427,1554,2485,144,1427,144,0,0,2250,17,679,0,Smolenskaa oblast_
536,Smolenskaa oblast_,Leninskaa,22,189,84,951,20,8,20,10,1278,1304,2097,37,1282,37,0,0,2000,11,681,0,Smolenskaa oblast_
537,Smolenskaa oblast_,Leninskaa,4,70,26,520,15,4,7,8,604,654,1171,55,604,55,0,0,1100,5,441,0,Smolenskaa oblast_
538,Smolenskaa oblast_,Leninskaa,12,144,60,695,26,6,11,18,943,972,1472,37,943,37,0,0,1350,8,370,0,Smolenskaa oblast_
539,Smolenskaa oblast_,Leninskaa,23,215,89,1132,24,8,11,18,1518,1520,2216,28,1520,28,0,0,2100,26,552,0,Smolenskaa oblast_
540,Smolenskaa oblast_,Leninskaa,16,193,77,995,35,9,14,19,1332,1358,2215,47,1333,47,0,0,2100,21,720,0,Smolenskaa oblast_
541,Smolenskaa oblast_,Leninskaa,12,233,97,1119,46,17,17,13,1546,1554,2330,27,1546,27,0,0,2300,19,727,0,Smolenskaa oblast_
542,Smolenskaa oblast_,Leninskaa,12,161,78,1009,38,11,12,16,1290,1337,2297,59,1290,59,0,0,2200,12,851,0,Smolenskaa oblast_
543,Smolenskaa oblast_,Leninskaa,10,110,36,463,9,3,5,7,625,643,1021,28,625,28,0,0,950,10,297,0,Smolenskaa oblast_
544,Smolenskaa oblast_,Leninskaa,13,213,84,1103,32,10,18,8,1481,1481,2302,16,1481,16,0,0,1800,16,303,0,Smolenskaa oblast_
545,Smolenskaa oblast_,Leninskaa,7,88,40,524,8,4,5,14,672,690,1125,25,672,25,0,0,1000,7,303,0,Smolenskaa oblast_
546,Smolenskaa oblast_,Leninskaa,17,178,50,750,18,8,15,12,1013,1048,1604,45,1013,45,0,0,1500,10,442,0,Smolenskaa oblast_
547,Smolenskaa oblast_,Leninskaa,9,180,89,857,24,9,12,6,1183,1186,2091,22,1183,22,0,0,2000,19,795,0,Smolenskaa oblast_
548,Smolenskaa oblast_,Leninskaa,12,242,97,1019,36,11,10,13,1443,1440,2260,17,1443,17,0,0,2200,20,740,0,Smolenskaa oblast_
549,Smolenskaa oblast_,Leninskaa,9,263,70,1053,54,8,16,26,1485,1499,2300,36,1486,36,0,0,2100,22,578,0,Smolenskaa oblast_
550,Smolenskaa oblast_,Leninskaa,26,267,111,1291,47,20,27,23,1796,1812,2610,33,1796,33,0,0,2400,17,571,0,Smolenskaa oblast_
551,Smolenskaa oblast_,Leninskaa,17,184,57,897,41,9,30,20,1251,1255,1929,34,1254,34,0,0,1800,30,512,0,Smolenskaa oblast_
552,Smolenskaa oblast_,Leninskaa,12,227,109,1023,40,16,17,21,1450,1465,2457,31,1450,31,0,0,2400,16,919,0,Smolenskaa oblast_
553,Smolenskaa oblast_,Leninskaa,15,153,61,688,29,6,16,18,972,986,1755,25,972,25,0,0,1700,11,703,0,Smolenskaa oblast_
554,Smolenskaa oblast_,Leninskaa,8,158,82,873,37,5,8,11,1170,1182,2002,19,1170,19,0,0,1900,7,711,0,Smolenskaa oblast_
555,Smolenskaa oblast_,Leninskaa,12,197,63,895,10,10,9,7,1076,1203,1836,146,1077,146,0,0,1700,19,477,0,Smolenskaa oblast_
556,Smolenskaa oblast_,Leninskaa,12,206,87,1144,44,16,16,16,1511,1541,2460,46,1511,46,0,0,2400,16,843,0,Smolenskaa oblast_
557,Smolenskaa oblast_,Leninskaa,6,189,66,925,24,5,18,34,1254,1267,2010,29,1256,29,0,0,1900,16,615,0,Smolenskaa oblast_
558,Smolenskaa oblast_,Leninskaa,10,143,47,740,39,13,9,20,998,1021,1613,41,998,41,0,0,1500,18,461,0,Smolenskaa oblast_
559,Smolenskaa oblast_,Leninskaa,10,129,44,639,21,4,14,6,866,867,1450,17,866,17,0,0,1300,16,417,0,Smolenskaa oblast_
560,Smolenskaa oblast_,Leninskaa,18,249,85,1060,34,9,15,18,1484,1488,2373,23,1485,23,0,0,2200,19,692,0,Smolenskaa oblast_
561,Smolenskaa oblast_,Leninskaa,21,211,69,988,53,17,15,27,1410,1401,2152,15,1410,15,0,0,2000,24,575,0,Smolenskaa oblast_
562,Smolenskaa oblast_,Leninskaa,17,252,69,972,38,9,16,22,1373,1395,2069,33,1374,33,0,0,1900,11,493,0,Smolenskaa oblast_
563,Smolenskaa oblast_,Promyslennaa,7,143,63,731,28,8,7,26,945,1013,1608,82,945,82,0,0,1350,14,323,0,Smolenskaa oblast_
564,Smolenskaa oblast_,Promyslennaa,10,94,66,685,20,5,15,7,876,902,1416,37,876,37,0,0,1200,11,287,0,Smolenskaa oblast_
565,Smolenskaa oblast_,Promyslennaa,18,172,62,668,22,12,17,25,969,996,1620,36,969,36,0,0,1500,9,495,0,Smolenskaa oblast_
566,Smolenskaa oblast_,Promyslennaa,14,189,81,1057,27,14,12,17,1374,1411,2547,52,1374,52,0,0,2400,15,974,0,Smolenskaa oblast_
567,Smolenskaa oblast_,Promyslennaa,4,104,37,670,20,8,15,19,851,877,1566,39,851,39,0,0,1350,13,460,0,Smolenskaa oblast_
568,Smolenskaa oblast_,Promyslennaa,7,109,44,590,10,8,6,8,749,782,1505,37,749,37,0,0,1400,4,614,0,Smolenskaa oblast_
569,Smolenskaa oblast_,Promyslennaa,6,121,37,523,16,8,4,16,697,731,1295,42,697,42,0,0,1200,8,461,0,Smolenskaa oblast_
570,Smolenskaa oblast_,Promyslennaa,5,93,46,510,8,7,3,10,646,682,1415,42,646,42,0,0,1300,6,612,0,Smolenskaa oblast_
571,Smolenskaa oblast_,Promyslennaa,13,211,86,1084,37,8,21,35,1376,1495,2477,147,1377,147,0,0,2150,28,626,0,Smolenskaa oblast_
572,Smolenskaa oblast_,Promyslennaa,15,255,96,1124,38,20,18,35,1597,1601,2452,26,1599,26,0,0,2300,22,675,0,Smolenskaa oblast_
573,Smolenskaa oblast_,Promyslennaa,18,149,77,738,20,7,11,11,1006,1031,2307,41,1006,41,0,0,2150,16,1103,0,Smolenskaa oblast_
574,Smolenskaa oblast_,Promyslennaa,15,133,73,742,34,3,20,21,1004,1041,1645,51,1004,51,0,0,1450,14,395,0,Smolenskaa oblast_
575,Smolenskaa oblast_,Promyslennaa,13,214,72,1018,29,13,14,36,1317,1409,2159,109,1317,109,0,0,1950,17,524,0,Smolenskaa oblast_
576,Smolenskaa oblast_,Promyslennaa,26,311,125,1359,41,18,8,38,1874,1926,3001,64,1874,64,0,0,2350,12,412,0,Smolenskaa oblast_
577,Smolenskaa oblast_,Promyslennaa,9,133,43,573,18,9,12,14,809,811,1197,12,809,12,0,0,1000,10,179,0,Smolenskaa oblast_
578,Smolenskaa oblast_,Promyslennaa,11,164,84,989,31,12,11,23,1291,1325,2182,51,1291,51,0,0,2000,17,658,0,Smolenskaa oblast_
579,Smolenskaa oblast_,Promyslennaa,18,170,85,1064,34,18,11,29,1394,1429,2335,54,1394,54,0,0,2200,19,752,0,Smolenskaa oblast_
580,Smolenskaa oblast_,Promyslennaa,10,205,82,998,35,14,18,25,1370,1387,2294,32,1370,32,0,0,2100,15,698,0,Smolenskaa oblast_
581,Smolenskaa oblast_,Promyslennaa,6,130,96,575,13,5,4,6,845,835,1657,2,845,2,0,0,1500,12,653,0,Smolenskaa oblast_
582,Smolenskaa oblast_,Promyslennaa,12,206,88,977,26,4,12,18,1317,1343,2097,40,1320,40,0,0,1900,14,540,0,Smolenskaa oblast_
583,Smolenskaa oblast_,Promyslennaa,11,124,62,871,14,10,7,8,1040,1107,1877,73,1040,73,0,0,1800,6,687,0,Smolenskaa oblast_
584,Smolenskaa oblast_,Promyslennaa,14,157,94,977,29,4,18,14,1298,1307,2089,29,1298,29,0,0,1900,20,573,0,Smolenskaa oblast_
585,Smolenskaa oblast_,Promyslennaa,14,101,74,634,13,10,10,15,863,871,1489,29,863,29,0,0,1400,21,508,0,Smolenskaa oblast_
586,Smolenskaa oblast_,Promyslennaa,16,253,73,1266,49,11,28,19,1708,1715,2642,28,1708,28,0,0,2450,21,714,0,Smolenskaa oblast_
587,Smolenskaa oblast_,Promyslennaa,9,187,92,1069,26,23,15,13,1402,1434,2211,50,1404,50,0,0,2000,18,546,0,Smolenskaa oblast_
588,Smolenskaa oblast_,Promyslennaa,10,145,46,701,18,9,4,10,927,943,1511,25,927,25,0,0,1400,9,448,0,Smolenskaa oblast_
589,Smolenskaa oblast_,Promyslennaa,14,162,115,1032,26,12,8,26,1362,1395,2391,46,1362,46,0,0,2150,13,742,0,Smolenskaa oblast_
590,Smolenskaa oblast_,Promyslennaa,15,109,64,734,20,9,12,9,958,972,1661,34,958,34,0,0,1500,20,508,0,Smolenskaa oblast_
591,Smolenskaa oblast_,Promyslennaa,18,185,107,1083,25,14,11,12,1439,1455,2480,42,1439,42,0,0,2300,26,819,0,Smolenskaa oblast_
592,Smolenskaa oblast_,Promyslennaa,15,165,89,949,23,12,8,14,1233,1275,2115,54,1233,54,0,0,1900,12,613,0,Smolenskaa oblast_
593,Smolenskaa oblast_,Promyslennaa,7,129,65,634,12,9,6,13,764,875,1351,120,764,120,0,0,1150,9,266,0,Smolenskaa oblast_
594,Smolenskaa oblast_,Promyslennaa,13,180,79,881,34,14,7,11,1193,1219,1876,47,1193,47,0,0,1750,21,510,0,Smolenskaa oblast_
595,Smolenskaa oblast_,Promyslennaa,6,106,80,658,21,5,6,11,875,893,1528,27,875,27,0,0,1450,9,548,0,Smolenskaa oblast_
596,Smolenskaa oblast_,Promyslennaa,8,135,76,749,17,5,10,14,998,1014,1733,35,998,35,0,0,1600,19,567,0,Smolenskaa oblast_
597,Smolenskaa oblast_,Promyslennaa,8,205,105,1178,34,10,19,13,1602,1572,2566,41,1602,41,0,0,2300,71,657,0,Smolenskaa oblast_
598,Smolenskaa oblast_,Promyslennaa,18,240,119,1106,40,27,18,16,1562,1584,2625,39,1562,39,0,0,2450,17,849,0,Smolenskaa oblast_
599,Smolenskaa oblast_,Promyslennaa,17,228,139,1175,27,11,10,12,1610,1619,2576,22,1610,22,0,0,2400,13,768,0,Smolenskaa oblast_
600,Smolenskaa oblast_,Promyslennaa,6,132,70,607,7,6,5,3,826,836,1511,16,826,16,0,0,1350,6,508,0,Smolenskaa oblast_
601,Smolenskaa oblast_,Promyslennaa,12,232,99,1234,45,16,22,24,1663,1684,2648,45,1663,45,0,0,2150,24,442,0,Smolenskaa oblast_
602,Smolenskaa oblast_,Promyslennaa,12,211,80,1117,26,15,11,8,1453,1480,2300,38,1453,38,0,0,2100,11,609,0,Smolenskaa oblast_
603,Smolenskaa oblast_,Promyslennaa,12,203,94,1060,28,15,10,14,1424,1436,2295,31,1424,31,0,0,2100,19,645,0,Smolenskaa oblast_
604,Smolenskaa oblast_,Promyslennaa,9,149,73,867,24,13,12,14,1149,1161,1877,28,1149,28,0,0,1750,16,573,0,Smolenskaa oblast_
605,Smolenskaa oblast_,Promyslennaa,13,202,88,1053,24,9,17,22,1413,1428,2236,34,1413,34,0,0,2050,19,603,0,Smolenskaa oblast_
606,Smolenskaa oblast_,Promyslennaa,9,142,101,853,20,5,13,14,1143,1157,1941,25,1143,25,0,0,1800,11,632,0,Smolenskaa oblast_
607,Smolenskaa oblast_,Promyslennaa,12,243,81,1170,35,9,21,26,1570,1597,2547,39,1570,39,0,0,2450,12,841,0,Smolenskaa oblast_
608,Smolenskaa oblast_,Promyslennaa,15,254,107,1314,44,16,19,27,1799,1796,2676,18,1800,18,0,0,2400,21,582,0,Smolenskaa oblast_
609,Smolenskaa oblast_,Promyslennaa,9,265,97,1133,24,12,24,15,1559,1579,2369,34,1559,34,0,0,2200,14,607,0,Smolenskaa oblast_
610,Smolenskaa oblast_,Promyslennaa,14,213,53,929,34,8,11,12,1274,1274,1928,17,1274,17,0,0,1700,17,409,0,Smolenskaa oblast_
611,Smolenskaa oblast_,Promyslennaa,2,155,83,870,20,7,8,15,1165,1160,2004,10,1167,10,0,0,1750,15,573,0,Smolenskaa oblast_
612,Smolenskaa oblast_,Promyslennaa,18,207,121,1305,24,34,14,12,1710,1735,2683,35,1712,35,0,0,2450,10,703,0,Smolenskaa oblast_
799,Smolenskaa oblast_,Promyslennaa,11,125,76,778,19,11,13,11,1018,1044,1651,32,1019,33,0,0,1550,6,498,0,Smolenskaa oblast_
807,Smolenskaa oblast_,Promyslennaa,3,82,66,546,4,6,4,2,473,713,726,253,473,253,0,0,1000,13,274,0,Smolenskaa oblast_
613,Smolenskaa oblast_,Smolenskaa,2,11,22,186,2,0,1,0,189,224,313,35,189,35,0,0,280,0,56,0,Smolenskaa oblast_
614,Smolenskaa oblast_,Smolenskaa,9,184,75,850,10,7,8,4,1051,1147,1851,104,1051,104,0,0,1795,8,640,0,Smolenskaa oblast_
615,Smolenskaa oblast_,Smolenskaa,4,25,37,268,2,5,2,1,258,344,539,101,258,101,0,0,530,15,171,0,Smolenskaa oblast_
616,Smolenskaa oblast_,Smolenskaa,1,36,28,266,1,3,2,0,288,337,506,52,288,52,0,0,500,3,160,0,Smolenskaa oblast_
617,Smolenskaa oblast_,Smolenskaa,3,75,39,422,12,4,5,0,518,560,904,47,518,47,0,0,850,5,285,0,Smolenskaa oblast_
618,Smolenskaa oblast_,Smolenskaa,11,236,88,1070,27,9,14,12,1465,1467,2268,16,1465,16,0,0,2000,14,519,0,Smolenskaa oblast_
619,Smolenskaa oblast_,Smolenskaa,8,198,74,872,13,7,15,5,1159,1192,1995,44,1159,44,0,0,1910,11,707,0,Smolenskaa oblast_
620,Smolenskaa oblast_,Smolenskaa,0,37,17,223,4,0,2,1,277,284,496,13,277,13,0,0,470,6,180,0,Smolenskaa oblast_
621,Smolenskaa oblast_,Smolenskaa,8,62,58,517,12,4,4,2,524,667,1062,147,524,147,0,0,890,4,219,0,Smolenskaa oblast_
622,Smolenskaa oblast_,Smolenskaa,7,103,69,670,13,4,5,6,843,877,1777,47,843,47,0,0,1730,13,840,0,Smolenskaa oblast_
623,Smolenskaa oblast_,Smolenskaa,2,27,18,145,2,2,1,1,123,198,375,76,123,76,0,0,350,1,151,0,Smolenskaa oblast_
624,Smolenskaa oblast_,Smolenskaa,9,168,71,914,27,13,5,5,1150,1212,2038,83,1150,83,0,0,1900,21,667,0,Smolenskaa oblast_
625,Smolenskaa oblast_,Smolenskaa,3,27,16,205,4,2,2,0,236,259,441,26,236,26,0,0,420,3,158,0,Smolenskaa oblast_
626,Smolenskaa oblast_,Smolenskaa,15,262,134,1389,29,9,18,10,1802,1866,2859,83,1802,83,0,0,2700,19,815,0,Smolenskaa oblast_
627,Smolenskaa oblast_,Smolenskaa,1,33,18,185,5,0,3,1,214,246,435,34,214,34,0,0,420,2,172,0,Smolenskaa oblast_
628,Smolenskaa oblast_,Smolenskaa,2,5,15,180,1,0,1,0,190,204,304,21,190,21,0,0,300,7,89,0,Smolenskaa oblast_
629,Smolenskaa oblast_,Smolenskaa,7,109,91,725,15,5,3,0,917,955,1532,51,917,51,0,0,1480,13,512,0,Smolenskaa oblast_
630,Smolenskaa oblast_,Smolenskaa,1,38,17,226,1,1,1,0,231,285,428,56,231,56,0,0,390,2,103,0,Smolenskaa oblast_
631,Smolenskaa oblast_,Smolenskaa,2,121,85,814,19,3,5,5,998,1054,1747,69,998,69,0,0,1700,13,633,0,Smolenskaa oblast_
632,Smolenskaa oblast_,Smolenskaa,3,40,27,254,3,5,0,4,310,336,501,29,310,29,0,0,500,3,161,0,Smolenskaa oblast_
633,Smolenskaa oblast_,Smolenskaa,1,19,22,197,0,0,1,0,185,240,358,58,185,58,0,0,330,3,87,0,Smolenskaa oblast_
634,Smolenskaa oblast_,Smolenskaa,8,36,52,378,6,7,2,4,465,493,672,34,465,34,0,0,570,6,71,0,Smolenskaa oblast_
635,Smolenskaa oblast_,Smolenskaa,3,74,32,296,3,2,3,1,378,414,674,43,379,43,0,0,620,7,198,0,Smolenskaa oblast_
636,Smolenskaa oblast_,Smolenskaa,9,116,70,748,19,5,10,7,898,984,1525,96,898,96,0,0,1380,10,386,0,Smolenskaa oblast_
637,Smolenskaa oblast_,Smolenskaa,2,17,16,144,1,0,0,1,147,181,307,37,147,37,0,0,280,3,96,0,Smolenskaa oblast_
638,Smolenskaa oblast_,Smolenskaa,6,147,110,943,19,6,10,11,1199,1252,1969,66,1199,66,0,0,1900,13,635,0,Smolenskaa oblast_
639,Smolenskaa oblast_,Smolenskaa,0,11,13,84,1,3,1,1,94,114,190,20,94,20,0,0,160,0,46,0,Smolenskaa oblast_
640,Smolenskaa oblast_,Smolenskaa,4,50,58,358,8,4,3,3,418,488,733,75,418,75,0,0,640,5,147,0,Smolenskaa oblast_
641,Smolenskaa oblast_,Smolenskaa,1,18,29,251,6,5,2,2,312,314,528,7,312,7,0,0,485,5,166,0,Smolenskaa oblast_
642,Smolenskaa oblast_,Smolenskaa,6,127,72,711,4,8,2,4,902,934,1535,41,903,41,0,0,1470,9,526,0,Smolenskaa oblast_
643,Smolenskaa oblast_,Smolenskaa,5,99,59,564,5,5,2,1,705,740,1158,46,705,46,0,0,1110,11,359,0,Smolenskaa oblast_
644,Smolenskaa oblast_,Smolenskaa,0,11,14,68,0,0,0,0,81,93,167,12,81,12,0,0,160,0,67,0,Smolenskaa oblast_
645,Smolenskaa oblast_,Smolenskaa,4,34,39,469,6,0,1,5,553,558,855,14,553,14,0,0,830,9,263,0,Smolenskaa oblast_
646,Smolenskaa oblast_,Smolenskaa,3,20,18,201,4,4,0,3,199,253,468,55,199,55,0,0,440,1,186,0,Smolenskaa oblast_
647,Smolenskaa oblast_,Smolenskaa,0,16,7,128,3,2,1,0,127,157,315,30,127,30,0,0,290,0,133,0,Smolenskaa oblast_
648,Smolenskaa oblast_,Smolenskaa,1,20,23,234,4,0,2,0,211,284,441,76,211,76,0,0,440,3,153,0,Smolenskaa oblast_
649,Smolenskaa oblast_,Smolenskaa,2,29,20,204,6,2,1,1,219,265,436,47,219,47,0,0,420,1,154,0,Smolenskaa oblast_
650,Smolenskaa oblast_,Smolenskaa,3,31,19,212,4,3,1,0,191,273,486,83,191,83,0,0,490,1,216,0,Smolenskaa oblast_
651,Smolenskaa oblast_,Smolenskaa,4,91,58,471,11,5,4,3,566,647,1043,87,566,87,0,0,1030,6,377,0,Smolenskaa oblast_
652,Smolenskaa oblast_,Smolenskaa,2,48,15,119,4,2,0,0,168,190,277,24,168,24,0,0,260,2,68,0,Smolenskaa oblast_
653,Smolenskaa oblast_,Smolenskaa,0,8,15,66,1,1,1,1,68,93,196,25,68,25,0,0,185,0,92,0,Smolenskaa oblast_
654,Smolenskaa oblast_,Smolenskaa,2,20,11,132,2,0,0,2,134,169,297,36,134,36,0,0,290,1,120,0,Smolenskaa oblast_
655,Smolenskaa oblast_,Smolenskaa,1,13,9,104,1,0,0,0,104,128,219,27,104,27,0,0,220,3,89,0,Smolenskaa oblast_
801,Smolenskaa oblast_,Smolenskaa,2,124,45,495,19,5,9,10,707,709,1230,8,707,8,0,0,1140,6,425,0,Smolenskaa oblast_
802,Smolenskaa oblast_,Smolenskaa,6,102,53,424,19,3,9,11,617,627,1156,17,617,17,0,0,1110,7,476,0,Smolenskaa oblast_
656,Smolenskaa oblast_,Sycevskaa,0,12,8,132,2,0,0,0,128,154,172,26,128,26,0,0,183,0,29,0,Smolenskaa oblast_
657,Smolenskaa oblast_,Sycevskaa,0,8,3,74,0,0,0,0,76,85,107,9,76,9,0,0,104,0,19,0,Smolenskaa oblast_
658,Smolenskaa oblast_,Sycevskaa,1,20,10,194,1,1,1,0,153,228,242,78,153,78,0,0,245,3,14,0,Smolenskaa oblast_
659,Smolenskaa oblast_,Sycevskaa,2,2,5,538,2,0,0,0,446,549,555,103,446,103,0,0,555,0,6,0,Smolenskaa oblast_
660,Smolenskaa oblast_,Sycevskaa,0,20,26,250,0,1,0,0,259,297,324,38,259,38,0,0,327,0,30,0,Smolenskaa oblast_
661,Smolenskaa oblast_,Sycevskaa,1,11,12,172,0,0,2,0,149,198,216,49,149,49,0,0,234,0,36,0,Smolenskaa oblast_
662,Smolenskaa oblast_,Sycevskaa,0,12,22,251,1,1,0,0,242,287,296,46,242,46,0,0,298,1,10,0,Smolenskaa oblast_
663,Smolenskaa oblast_,Sycevskaa,2,36,28,365,3,4,0,0,398,438,452,40,398,40,0,0,471,0,33,0,Smolenskaa oblast_
664,Smolenskaa oblast_,Sycevskaa,3,35,26,358,0,3,0,0,339,425,456,87,339,87,0,0,477,1,51,0,Smolenskaa oblast_
665,Smolenskaa oblast_,Sycevskaa,2,17,31,193,0,0,1,0,193,244,253,51,193,51,0,0,261,0,17,0,Smolenskaa oblast_
666,Smolenskaa oblast_,Sycevskaa,0,17,9,154,0,0,0,1,117,181,208,65,117,65,0,0,216,1,34,0,Smolenskaa oblast_
667,Smolenskaa oblast_,Sycevskaa,0,20,15,198,1,3,0,1,187,238,261,56,187,56,0,0,287,5,44,0,Smolenskaa oblast_
668,Smolenskaa oblast_,Sycevskaa,2,11,8,125,1,2,0,0,123,149,158,29,123,29,0,0,163,3,11,0,Smolenskaa oblast_
669,Smolenskaa oblast_,Sycevskaa,2,37,20,165,4,1,1,1,193,231,368,41,193,41,0,0,400,3,166,0,Smolenskaa oblast_
670,Smolenskaa oblast_,Sycevskaa,0,15,4,127,0,0,0,1,128,147,155,19,128,19,0,0,151,0,4,0,Smolenskaa oblast_
671,Smolenskaa oblast_,Sycevskaa,12,136,142,1338,29,5,4,5,1066,1671,2262,624,1066,624,0,0,2257,19,567,0,Smolenskaa oblast_
672,Smolenskaa oblast_,Sycevskaa,7,219,114,1032,10,17,5,9,1351,1413,2288,83,1351,83,0,0,1806,21,372,0,Smolenskaa oblast_
673,Smolenskaa oblast_,Sycevskaa,9,180,94,716,8,8,7,6,956,1028,1690,84,956,84,0,0,1603,12,563,0,Smolenskaa oblast_
674,Smolenskaa oblast_,Temkinskaa,1,23,13,112,0,0,0,0,116,149,210,39,116,39,0,0,230,6,75,0,Smolenskaa oblast_
675,Smolenskaa oblast_,Temkinskaa,1,15,16,163,0,2,1,0,149,198,273,50,149,50,0,0,260,1,61,0,Smolenskaa oblast_
676,Smolenskaa oblast_,Temkinskaa,0,22,7,134,3,1,0,3,136,170,238,34,136,34,0,0,210,0,40,0,Smolenskaa oblast_
677,Smolenskaa oblast_,Temkinskaa,0,31,10,141,1,1,0,1,136,185,255,49,136,49,0,0,240,0,55,0,Smolenskaa oblast_
678,Smolenskaa oblast_,Temkinskaa,4,12,8,152,0,0,0,0,94,176,273,83,94,83,0,0,280,1,103,0,Smolenskaa oblast_
679,Smolenskaa oblast_,Temkinskaa,2,20,18,158,1,2,0,3,147,204,295,60,147,60,0,0,280,3,73,0,Smolenskaa oblast_
680,Smolenskaa oblast_,Temkinskaa,1,58,16,223,4,1,1,1,192,305,451,115,192,115,0,0,430,2,123,0,Smolenskaa oblast_
681,Smolenskaa oblast_,Temkinskaa,4,37,29,228,2,2,3,1,183,306,526,128,183,128,0,0,540,5,229,0,Smolenskaa oblast_
682,Smolenskaa oblast_,Temkinskaa,2,20,16,118,2,1,0,0,112,159,250,50,112,50,0,0,230,3,68,0,Smolenskaa oblast_
683,Smolenskaa oblast_,Temkinskaa,3,191,76,688,10,8,3,7,930,986,1533,77,930,77,0,0,1590,21,583,0,Smolenskaa oblast_
795,Smolenskaa oblast_,Temkinskaa,1,30,17,117,3,0,1,2,158,171,267,15,158,15,0,0,260,2,87,0,Smolenskaa oblast_
684,Smolenskaa oblast_,Ugranskaa,3,152,66,523,3,7,4,3,715,761,1728,59,715,59,0,0,1837,13,1063,0,Smolenskaa oblast_
685,Smolenskaa oblast_,Ugranskaa,10,127,78,616,8,11,4,6,852,860,1730,29,852,29,0,0,1801,21,920,0,Smolenskaa oblast_
686,Smolenskaa oblast_,Ugranskaa,1,17,2,52,1,0,0,0,55,73,121,19,55,19,0,0,124,1,50,0,Smolenskaa oblast_
687,Smolenskaa oblast_,Ugranskaa,0,33,3,57,1,0,0,1,74,95,157,22,74,22,0,0,134,1,38,0,Smolenskaa oblast_
688,Smolenskaa oblast_,Ugranskaa,0,13,8,112,0,1,0,0,110,134,259,24,110,24,0,0,263,0,129,0,Smolenskaa oblast_
689,Smolenskaa oblast_,Ugranskaa,3,42,30,287,1,1,1,0,303,365,602,64,303,64,0,0,585,2,218,0,Smolenskaa oblast_
690,Smolenskaa oblast_,Ugranskaa,1,14,5,89,1,1,0,0,89,111,147,24,89,24,0,0,123,2,10,0,Smolenskaa oblast_
691,Smolenskaa oblast_,Ugranskaa,3,38,3,89,0,0,1,0,90,134,201,46,90,46,0,0,180,2,44,0,Smolenskaa oblast_
692,Smolenskaa oblast_,Ugranskaa,0,1,2,44,1,0,0,0,31,48,70,17,31,17,0,0,50,0,2,0,Smolenskaa oblast_
693,Smolenskaa oblast_,Ugranskaa,1,47,14,171,3,1,1,1,209,239,423,31,209,31,0,0,422,1,182,0,Smolenskaa oblast_
694,Smolenskaa oblast_,Ugranskaa,1,10,6,109,1,0,1,1,100,129,236,29,100,29,0,0,233,0,104,0,Smolenskaa oblast_
695,Smolenskaa oblast_,Ugranskaa,0,4,5,37,1,0,0,0,42,47,119,5,42,5,0,0,125,0,78,0,Smolenskaa oblast_
696,Smolenskaa oblast_,Ugranskaa,0,5,26,95,1,0,0,0,80,127,184,49,80,49,0,0,181,2,52,0,Smolenskaa oblast_
697,Smolenskaa oblast_,Ugranskaa,1,20,2,39,1,1,0,0,46,64,101,18,46,18,0,0,113,0,49,0,Smolenskaa oblast_
698,Smolenskaa oblast_,Ugranskaa,0,3,3,34,0,0,0,0,40,40,56,0,40,0,0,0,42,0,2,0,Smolenskaa oblast_
699,Smolenskaa oblast_,Ugranskaa,0,3,14,80,0,1,0,0,78,98,154,22,78,22,0,0,146,2,46,0,Smolenskaa oblast_
700,Smolenskaa oblast_,Ugranskaa,0,40,11,179,2,2,1,2,203,237,341,37,203,37,0,0,338,3,98,0,Smolenskaa oblast_
701,Smolenskaa oblast_,Ugranskaa,0,16,14,121,1,0,0,0,127,152,245,25,127,25,0,0,243,0,91,0,Smolenskaa oblast_
702,Smolenskaa oblast_,Ugranskaa,0,4,8,51,0,0,0,1,49,64,97,15,49,15,0,0,86,0,22,0,Smolenskaa oblast_
703,Smolenskaa oblast_,Hislavicskaa,8,119,82,709,10,7,7,3,894,945,1531,64,894,64,0,0,1500,13,542,0,Smolenskaa oblast_
704,Smolenskaa oblast_,Hislavicskaa,5,91,64,575,5,3,2,3,676,748,1317,79,677,79,0,0,1300,7,544,0,Smolenskaa oblast_
705,Smolenskaa oblast_,Hislavicskaa,5,39,31,198,1,3,1,1,260,279,460,22,260,22,0,0,450,3,168,0,Smolenskaa oblast_
706,Smolenskaa oblast_,Hislavicskaa,2,26,30,110,4,0,0,0,160,172,313,14,160,14,0,0,280,2,106,0,Smolenskaa oblast_
707,Smolenskaa oblast_,Hislavicskaa,0,19,25,49,1,2,1,1,85,98,158,15,85,15,0,0,120,2,20,0,Smolenskaa oblast_
708,Smolenskaa oblast_,Hislavicskaa,1,13,23,185,1,1,2,0,187,226,381,43,187,43,0,0,350,4,120,0,Smolenskaa oblast_
709,Smolenskaa oblast_,Hislavicskaa,1,0,1,90,0,0,0,1,69,93,140,26,69,26,0,0,130,2,35,0,Smolenskaa oblast_
710,Smolenskaa oblast_,Hislavicskaa,0,22,17,126,0,2,0,0,135,167,280,35,135,35,0,0,260,3,90,0,Smolenskaa oblast_
711,Smolenskaa oblast_,Hislavicskaa,2,8,27,156,1,2,0,0,123,196,329,75,123,75,0,0,300,2,102,0,Smolenskaa oblast_
712,Smolenskaa oblast_,Hislavicskaa,0,9,7,157,0,0,0,0,113,173,301,60,113,60,0,0,270,0,97,0,Smolenskaa oblast_
713,Smolenskaa oblast_,Hislavicskaa,1,9,9,79,1,0,0,0,78,99,158,22,78,22,0,0,150,1,50,0,Smolenskaa oblast_
714,Smolenskaa oblast_,Hislavicskaa,3,31,37,241,0,2,0,4,246,318,574,76,246,76,0,0,550,4,228,0,Smolenskaa oblast_
715,Smolenskaa oblast_,Hislavicskaa,0,11,11,114,1,0,0,0,96,137,223,41,96,41,0,0,190,0,53,0,Smolenskaa oblast_
716,Smolenskaa oblast_,Hislavicskaa,2,28,24,151,1,0,0,0,160,206,353,48,160,48,0,0,330,2,122,0,Smolenskaa oblast_
717,Smolenskaa oblast_,Hislavicskaa,1,25,8,51,0,0,0,0,68,85,156,17,68,17,0,0,120,0,35,0,Smolenskaa oblast_
718,Smolenskaa oblast_,Hislavicskaa,2,6,8,36,0,2,1,0,42,55,102,13,42,13,0,0,80,0,25,0,Smolenskaa oblast_
719,Smolenskaa oblast_,Hislavicskaa,0,12,10,100,0,2,0,0,89,124,200,36,89,36,0,0,160,1,35,0,Smolenskaa oblast_
720,Smolenskaa oblast_,Hislavicskaa,2,15,31,120,0,2,0,0,130,170,263,40,130,40,0,0,250,0,80,0,Smolenskaa oblast_
721,Smolenskaa oblast_,Hislavicskaa,1,30,22,140,4,0,0,0,156,197,320,42,156,42,0,0,290,1,92,0,Smolenskaa oblast_
722,Smolenskaa oblast_,Hislavicskaa,2,11,11,55,5,0,2,0,74,86,129,13,74,13,0,0,100,1,13,0,Smolenskaa oblast_
723,Smolenskaa oblast_,Holm-Jirkovskaa,4,75,89,471,5,3,5,1,624,653,1015,38,624,38,0,0,1010,9,348,0,Smolenskaa oblast_
724,Smolenskaa oblast_,Holm-Jirkovskaa,5,67,75,461,7,3,2,1,575,621,1026,54,575,54,0,0,1010,8,381,0,Smolenskaa oblast_
725,Smolenskaa oblast_,Holm-Jirkovskaa,6,105,71,514,10,2,7,10,699,725,1023,34,699,34,0,0,1010,8,277,0,Smolenskaa oblast_
726,Smolenskaa oblast_,Holm-Jirkovskaa,2,7,17,211,1,0,0,0,223,238,272,16,223,16,0,0,260,1,21,0,Smolenskaa oblast_
727,Smolenskaa oblast_,Holm-Jirkovskaa,3,25,8,90,1,1,1,0,97,129,174,32,97,32,0,0,180,0,51,0,Smolenskaa oblast_
728,Smolenskaa oblast_,Holm-Jirkovskaa,6,29,58,321,2,4,3,2,348,425,586,78,348,78,0,0,610,1,184,0,Smolenskaa oblast_
729,Smolenskaa oblast_,Holm-Jirkovskaa,3,3,15,122,0,1,0,0,112,144,181,33,112,33,0,0,180,1,35,0,Smolenskaa oblast_
730,Smolenskaa oblast_,Holm-Jirkovskaa,6,131,108,674,3,9,4,5,860,940,1595,95,860,95,0,0,1600,15,645,0,Smolenskaa oblast_
731,Smolenskaa oblast_,Holm-Jirkovskaa,2,10,17,169,2,0,1,0,172,201,213,31,172,31,0,0,270,2,67,0,Smolenskaa oblast_
732,Smolenskaa oblast_,Holm-Jirkovskaa,3,3,8,149,0,0,0,0,133,163,187,32,133,32,0,0,180,2,15,0,Smolenskaa oblast_
733,Smolenskaa oblast_,Holm-Jirkovskaa,2,17,24,185,1,5,0,0,180,234,275,55,180,55,0,0,280,1,45,0,Smolenskaa oblast_
734,Smolenskaa oblast_,Holm-Jirkovskaa,0,5,33,103,2,1,0,0,129,144,168,19,129,19,0,0,200,4,52,0,Smolenskaa oblast_
735,Smolenskaa oblast_,Holm-Jirkovskaa,2,11,11,109,1,1,0,0,105,135,220,32,105,32,0,0,215,2,78,0,Smolenskaa oblast_
736,Smolenskaa oblast_,Holm-Jirkovskaa,12,8,23,161,3,2,1,0,160,210,242,51,160,51,0,0,230,1,19,0,Smolenskaa oblast_
737,Smolenskaa oblast_,Holm-Jirkovskaa,2,4,13,154,1,0,0,3,130,177,231,47,130,47,0,0,200,0,23,0,Smolenskaa oblast_
738,Smolenskaa oblast_,Holm-Jirkovskaa,0,9,14,167,0,0,1,0,159,191,203,33,159,33,0,0,220,1,28,0,Smolenskaa oblast_
739,Smolenskaa oblast_,Holm-Jirkovskaa,0,24,21,258,5,1,0,1,204,310,480,109,204,109,0,0,495,3,182,0,Smolenskaa oblast_
740,Smolenskaa oblast_,Sumacskaa,9,206,76,723,11,7,4,2,1024,1038,1771,37,1024,37,0,0,1635,23,574,0,Smolenskaa oblast_
741,Smolenskaa oblast_,Sumacskaa,3,231,99,731,11,7,4,0,1030,1086,1838,68,1030,68,0,0,1710,12,612,0,Smolenskaa oblast_
742,Smolenskaa oblast_,Sumacskaa,1,9,15,160,0,2,0,1,143,188,336,47,143,47,0,0,300,2,110,0,Smolenskaa oblast_
743,Smolenskaa oblast_,Sumacskaa,1,33,10,119,1,0,1,0,107,165,341,62,107,62,0,0,315,4,146,0,Smolenskaa oblast_
744,Smolenskaa oblast_,Sumacskaa,4,27,18,76,0,0,0,0,81,125,235,44,81,44,0,0,215,0,90,0,Smolenskaa oblast_
745,Smolenskaa oblast_,Sumacskaa,0,16,15,98,1,2,0,0,85,132,198,47,85,47,0,0,175,0,43,0,Smolenskaa oblast_
746,Smolenskaa oblast_,Sumacskaa,0,22,12,129,0,2,0,0,119,165,347,47,119,47,0,0,320,1,154,0,Smolenskaa oblast_
747,Smolenskaa oblast_,Sumacskaa,3,10,4,108,0,0,0,0,101,125,180,26,101,26,0,0,155,2,28,0,Smolenskaa oblast_
748,Smolenskaa oblast_,Sumacskaa,7,116,87,564,6,5,1,1,775,787,1598,19,775,19,0,0,1490,7,696,0,Smolenskaa oblast_
749,Smolenskaa oblast_,Sumacskaa,1,18,19,215,0,5,1,0,221,259,403,38,221,38,0,0,375,0,116,0,Smolenskaa oblast_
750,Smolenskaa oblast_,Sumacskaa,1,16,18,79,0,0,0,0,81,114,192,34,81,34,0,0,165,1,50,0,Smolenskaa oblast_
751,Smolenskaa oblast_,Sumacskaa,1,17,22,180,2,0,1,0,175,223,315,50,175,50,0,0,285,2,60,0,Smolenskaa oblast_
752,Smolenskaa oblast_,Sumacskaa,1,39,13,228,3,1,3,0,237,288,644,53,237,53,0,0,600,2,310,0,Smolenskaa oblast_
753,Smolenskaa oblast_,Sumacskaa,0,16,6,137,2,1,0,0,127,162,248,35,127,35,0,0,225,0,63,0,Smolenskaa oblast_
754,Smolenskaa oblast_,Sumacskaa,1,6,9,116,1,0,0,0,100,133,245,33,100,33,0,0,230,0,97,0,Smolenskaa oblast_
12,Smolenskaa oblast_,Vazemskaa,9,171,111,859,18,17,8,6,1184,1199,2171,32,1184,32,0,0,2148,17,932,0,Smolenskaa oblast_
13,Smolenskaa oblast_,Vazemskaa,23,219,107,1105,14,12,14,17,1494,1511,2445,28,1494,28,0,0,2489,11,967,0,Smolenskaa oblast_
14,Smolenskaa oblast_,Vazemskaa,6,154,64,716,8,9,5,10,962,972,1679,25,962,25,0,0,1722,15,735,0,Smolenskaa oblast_
15,Smolenskaa oblast_,Vazemskaa,17,247,128,1148,19,14,14,11,1590,1598,2688,25,1590,25,0,0,2728,17,1113,0,Smolenskaa oblast_
16,Smolenskaa oblast_,Vazemskaa,10,189,93,935,13,6,3,8,1220,1257,2356,45,1220,45,0,0,2346,8,1081,0,Smolenskaa oblast_
17,Smolenskaa oblast_,Vazemskaa,10,153,87,911,13,14,11,3,1182,1202,2322,30,1182,30,0,0,2383,10,1171,0,Smolenskaa oblast_
18,Smolenskaa oblast_,Vazemskaa,11,206,133,886,24,7,6,5,1162,1278,2512,134,1162,134,0,0,2427,18,1131,0,Smolenskaa oblast_
19,Smolenskaa oblast_,Vazemskaa,9,124,52,560,13,10,8,8,762,784,1309,32,762,32,0,0,1331,10,537,0,Smolenskaa oblast_
20,Smolenskaa oblast_,Vazemskaa,16,191,100,940,13,24,11,8,1284,1303,2386,38,1285,38,0,0,2455,19,1132,0,Smolenskaa oblast_
21,Smolenskaa oblast_,Vazemskaa,8,83,79,606,12,3,3,2,635,796,1345,172,635,172,0,0,1124,11,317,0,Smolenskaa oblast_
22,Smolenskaa oblast_,Vazemskaa,10,157,63,710,16,10,9,4,964,979,1777,23,964,23,0,0,1772,8,785,0,Smolenskaa oblast_
23,Smolenskaa oblast_,Vazemskaa,12,146,84,764,16,10,10,6,1036,1048,1898,20,1036,20,0,0,1974,8,918,0,Smolenskaa oblast_
24,Smolenskaa oblast_,Vazemskaa,15,177,123,1205,27,9,12,7,1566,1575,2282,26,1566,26,0,0,1640,17,48,0,Smolenskaa oblast_
25,Smolenskaa oblast_,Vazemskaa,7,209,112,1016,14,12,10,12,1381,1392,2629,41,1384,41,0,0,2721,30,1296,0,Smolenskaa oblast_
26,Smolenskaa oblast_,Vazemskaa,11,129,129,758,19,8,9,3,1062,1066,1947,19,1062,19,0,0,2039,15,958,0,Smolenskaa oblast_
27,Smolenskaa oblast_,Vazemskaa,3,69,49,471,2,5,3,4,591,606,1218,23,591,23,0,0,1235,8,621,0,Smolenskaa oblast_
28,Smolenskaa oblast_,Vazemskaa,11,145,68,575,9,11,10,9,839,838,1665,17,839,17,0,0,1736,18,880,0,Smolenskaa oblast_
29,Smolenskaa oblast_,Vazemskaa,5,110,76,593,7,7,6,4,806,808,1504,11,806,11,0,0,1538,9,721,0,Smolenskaa oblast_
30,Smolenskaa oblast_,Vazemskaa,3,47,47,344,5,4,0,1,430,451,1044,21,430,21,0,0,1062,0,611,0,Smolenskaa oblast_
31,Smolenskaa oblast_,Vazemskaa,6,131,95,810,7,10,10,7,1062,1076,2108,25,1062,25,0,0,2228,11,1141,0,Smolenskaa oblast_
32,Smolenskaa oblast_,Vazemskaa,12,173,119,977,10,6,13,5,1299,1315,2309,30,1301,30,0,0,2423,14,1092,0,Smolenskaa oblast_
33,Smolenskaa oblast_,Vazemskaa,4,85,43,382,4,6,5,5,520,534,882,22,520,22,0,0,877,8,335,0,Smolenskaa oblast_
34,Smolenskaa oblast_,Vazemskaa,3,10,32,254,5,3,1,1,212,309,583,104,212,104,0,0,545,7,229,0,Smolenskaa oblast_
35,Smolenskaa oblast_,Vazemskaa,8,140,92,693,8,11,11,3,967,966,1813,16,967,16,0,0,1863,17,880,0,Smolenskaa oblast_
36,Smolenskaa oblast_,Vazemskaa,2,41,42,252,2,1,4,1,316,345,570,31,316,31,0,0,587,2,240,0,Smolenskaa oblast_
37,Smolenskaa oblast_,Vazemskaa,14,179,148,1265,23,5,11,11,1661,1656,2535,22,1664,22,0,0,2627,27,941,0,Smolenskaa oblast_
38,Smolenskaa oblast_,Vazemskaa,5,87,71,597,12,3,3,8,740,786,1193,55,740,55,0,0,1083,9,288,0,Smolenskaa oblast_
39,Smolenskaa oblast_,Vazemskaa,2,39,30,370,1,1,3,0,317,446,587,130,317,130,0,0,574,1,127,0,Smolenskaa oblast_
40,Smolenskaa oblast_,Vazemskaa,2,26,19,203,2,1,0,1,173,254,456,84,173,84,0,0,474,3,217,0,Smolenskaa oblast_
41,Smolenskaa oblast_,Vazemskaa,3,10,10,145,2,1,0,0,117,171,280,54,117,54,0,0,288,0,117,0,Smolenskaa oblast_
43,Smolenskaa oblast_,Vazemskaa,1,35,31,298,0,2,4,0,315,371,520,59,315,59,0,0,500,3,126,0,Smolenskaa oblast_
44,Smolenskaa oblast_,Vazemskaa,5,40,29,218,2,4,3,1,248,302,515,57,248,57,0,0,507,3,202,0,Smolenskaa oblast_
46,Smolenskaa oblast_,Vazemskaa,3,30,23,235,2,1,2,0,226,296,594,72,226,72,0,0,586,2,288,0,Smolenskaa oblast_
47,Smolenskaa oblast_,Vazemskaa,1,28,14,108,1,1,3,0,96,156,301,60,96,60,0,0,313,0,157,0,Smolenskaa oblast_
48,Smolenskaa oblast_,Vazemskaa,2,8,10,221,4,0,0,2,223,247,353,24,223,24,0,0,371,0,124,0,Smolenskaa oblast_
49,Smolenskaa oblast_,Vazemskaa,3,82,62,406,3,2,2,2,518,562,889,52,518,52,0,0,752,8,182,0,Smolenskaa oblast_
50,Smolenskaa oblast_,Vazemskaa,6,52,34,317,3,0,3,1,385,416,635,32,385,32,0,0,628,1,211,0,Smolenskaa oblast_
51,Smolenskaa oblast_,Vazemskaa,2,27,24,169,3,2,1,1,177,229,371,52,177,52,0,0,405,0,176,0,Smolenskaa oblast_
52,Smolenskaa oblast_,Vazemskaa,0,23,10,187,5,3,1,0,195,229,459,36,195,36,0,0,484,2,253,0,Smolenskaa oblast_
53,Smolenskaa oblast_,Vazemskaa,3,22,27,185,3,2,3,1,210,246,472,39,210,39,0,0,501,3,252,0,Smolenskaa oblast_
54,Smolenskaa oblast_,Vazemskaa,0,56,39,229,5,1,1,5,303,336,698,34,303,34,0,0,774,1,437,0,Smolenskaa oblast_
55,Smolenskaa oblast_,Vazemskaa,5,31,38,366,1,1,2,3,309,447,740,142,309,142,0,0,671,4,220,0,Smolenskaa oblast_
56,Smolenskaa oblast_,Vazemskaa,4,31,29,246,2,2,0,0,261,314,530,57,261,57,0,0,546,4,228,0,Smolenskaa oblast_
57,Smolenskaa oblast_,Vazemskaa,3,19,14,221,2,0,1,2,206,262,459,59,206,59,0,0,439,3,174,0,Smolenskaa oblast_
58,Smolenskaa oblast_,Vazemskaa,1,51,20,225,3,11,1,2,287,314,602,28,287,28,0,0,602,1,287,0,Smolenskaa oblast_
59,Smolenskaa oblast_,Vazemskaa,3,18,26,165,3,0,1,0,186,216,318,31,186,31,0,0,305,1,88,0,Smolenskaa oblast_
60,Smolenskaa oblast_,Vazemskaa,2,12,10,208,0,0,2,0,193,234,363,41,193,41,0,0,386,0,152,0,Smolenskaa oblast_
61,Smolenskaa oblast_,Vazemskaa,1,25,25,178,3,0,0,2,214,234,396,25,214,25,0,0,379,5,140,0,Smolenskaa oblast_
62,Smolenskaa oblast_,Vazemskaa,1,17,17,138,2,0,1,0,131,176,430,48,131,48,0,0,493,3,314,0,Smolenskaa oblast_
803,Smolenskaa oblast_,Vazemskaa,0,52,36,259,5,1,4,0,329,357,599,28,329,28,0,0,597,0,240,0,Smolenskaa oblast_
804,Smolenskaa oblast_,Vazemskaa,1,32,20,205,0,3,0,1,217,262,427,46,217,46,0,0,408,1,145,0,Smolenskaa oblast_
805,Smolenskaa oblast_,Vazemskaa,4,49,45,208,0,2,1,1,294,310,529,21,294,21,0,0,499,5,184,0,Smolenskaa oblast_
806,Smolenskaa oblast_,Vazemskaa,2,31,33,286,4,3,1,0,157,360,757,204,157,204,0,0,762,1,401,0,Smolenskaa oblast_
63,Smolenskaa oblast_,Gagarinskaa,2,168,64,817,16,8,5,4,1069,1084,1989,33,1071,33,0,0,1800,18,696,0,Smolenskaa oblast_
64,Smolenskaa oblast_,Gagarinskaa,11,145,61,798,12,9,7,9,1051,1052,2019,28,1051,28,0,0,1950,27,871,0,Smolenskaa oblast_
65,Smolenskaa oblast_,Gagarinskaa,12,152,68,728,7,9,4,12,984,992,1897,21,985,21,0,0,1850,13,844,0,Smolenskaa oblast_
66,Smolenskaa oblast_,Gagarinskaa,14,152,87,786,23,5,9,10,1083,1086,1879,16,1084,16,0,0,1800,13,700,0,Smolenskaa oblast_
67,Smolenskaa oblast_,Gagarinskaa,6,178,90,842,10,9,12,9,1137,1156,2065,27,1137,27,0,0,2000,8,836,0,Smolenskaa oblast_
68,Smolenskaa oblast_,Gagarinskaa,7,135,83,700,14,5,8,4,941,956,1980,25,942,25,0,0,1950,10,983,0,Smolenskaa oblast_
69,Smolenskaa oblast_,Gagarinskaa,11,173,96,776,15,7,7,8,1074,1093,1971,30,1075,30,0,0,1850,11,745,0,Smolenskaa oblast_
70,Smolenskaa oblast_,Gagarinskaa,13,152,82,796,15,10,8,3,1071,1079,1828,18,1071,18,0,0,1700,10,611,0,Smolenskaa oblast_
71,Smolenskaa oblast_,Gagarinskaa,1,64,38,355,11,5,2,0,467,476,979,12,467,12,0,0,950,3,471,0,Smolenskaa oblast_
72,Smolenskaa oblast_,Gagarinskaa,6,153,91,796,16,8,9,5,1087,1084,1849,11,1087,11,0,0,1850,14,752,0,Smolenskaa oblast_
73,Smolenskaa oblast_,Gagarinskaa,7,152,72,824,22,13,11,8,1104,1109,1896,24,1105,24,0,0,1900,19,771,0,Smolenskaa oblast_
74,Smolenskaa oblast_,Gagarinskaa,10,172,116,909,12,7,15,5,1233,1246,2067,25,1233,25,0,0,1900,12,642,0,Smolenskaa oblast_
75,Smolenskaa oblast_,Gagarinskaa,6,61,51,454,5,1,2,1,535,581,1154,58,535,58,0,0,1000,12,407,0,Smolenskaa oblast_
76,Smolenskaa oblast_,Gagarinskaa,2,21,19,128,0,0,0,0,140,170,329,31,140,31,0,0,300,1,129,0,Smolenskaa oblast_
77,Smolenskaa oblast_,Gagarinskaa,2,20,13,167,1,1,1,0,158,205,389,47,158,47,0,0,380,0,175,0,Smolenskaa oblast_
78,Smolenskaa oblast_,Gagarinskaa,13,164,115,861,4,10,3,4,1146,1174,2051,41,1146,41,0,0,1900,13,713,0,Smolenskaa oblast_
79,Smolenskaa oblast_,Gagarinskaa,4,43,48,340,4,1,3,2,391,445,687,56,391,56,0,0,600,2,153,0,Smolenskaa oblast_
80,Smolenskaa oblast_,Gagarinskaa,0,15,12,78,0,0,0,0,88,105,152,19,88,19,0,0,130,2,23,0,Smolenskaa oblast_
81,Smolenskaa oblast_,Gagarinskaa,1,17,10,155,2,3,1,0,181,189,266,9,181,9,0,0,230,1,40,0,Smolenskaa oblast_
82,Smolenskaa oblast_,Gagarinskaa,0,13,5,145,2,0,0,0,148,165,218,17,148,17,0,0,200,0,35,0,Smolenskaa oblast_
83,Smolenskaa oblast_,Gagarinskaa,0,30,24,221,3,0,2,0,249,280,415,31,249,31,0,0,400,0,120,0,Smolenskaa oblast_
84,Smolenskaa oblast_,Gagarinskaa,0,14,36,133,1,2,1,1,149,188,311,40,149,40,0,0,270,1,81,0,Smolenskaa oblast_
85,Smolenskaa oblast_,Gagarinskaa,0,3,8,81,0,1,1,0,56,94,176,38,56,38,0,0,150,0,56,0,Smolenskaa oblast_
86,Smolenskaa oblast_,Gagarinskaa,1,16,11,126,4,2,1,0,127,161,267,34,127,34,0,0,240,0,79,0,Smolenskaa oblast_
87,Smolenskaa oblast_,Gagarinskaa,0,5,12,156,0,0,0,0,144,173,279,29,144,29,0,0,250,0,77,0,Smolenskaa oblast_
88,Smolenskaa oblast_,Gagarinskaa,2,44,51,300,1,0,3,0,365,401,676,41,365,41,0,0,600,5,194,0,Smolenskaa oblast_
89,Smolenskaa oblast_,Gagarinskaa,0,5,8,112,0,0,2,0,110,127,222,18,110,18,0,0,200,1,72,0,Smolenskaa oblast_
90,Smolenskaa oblast_,Gagarinskaa,1,53,26,350,2,2,0,0,380,434,846,57,380,57,0,0,850,3,413,0,Smolenskaa oblast_
91,Smolenskaa oblast_,Gagarinskaa,2,35,31,362,3,3,5,3,399,444,739,47,399,47,0,0,700,2,254,0,Smolenskaa oblast_
92,Smolenskaa oblast_,Gagarinskaa,0,31,15,196,1,4,2,0,208,249,415,42,208,42,0,0,350,1,100,0,Smolenskaa oblast_
93,Smolenskaa oblast_,Gagarinskaa,0,17,15,122,0,0,2,1,152,157,295,7,152,7,0,0,250,2,91,0,Smolenskaa oblast_
94,Smolenskaa oblast_,Gagarinskaa,0,7,21,119,0,0,0,0,133,147,259,15,133,15,0,0,220,1,72,0,Smolenskaa oblast_
95,Smolenskaa oblast_,Gagarinskaa,0,24,26,254,2,1,0,0,261,307,498,49,261,49,0,0,450,3,140,0,Smolenskaa oblast_
96,Smolenskaa oblast_,Gagarinskaa,0,14,14,152,0,2,0,0,135,182,296,51,135,51,0,0,250,4,64,0,Smolenskaa oblast_
97,Smolenskaa oblast_,Gagarinskaa,6,75,45,437,0,4,0,0,518,567,1094,52,518,52,0,0,1000,3,430,0,Smolenskaa oblast_
98,Smolenskaa oblast_,Gagarinskaa,2,15,23,272,7,3,0,3,271,325,693,56,271,56,0,0,600,2,273,0,Smolenskaa oblast_
99,Smolenskaa oblast_,Glinkovskaa,0,6,5,72,0,0,1,0,69,84,135,17,69,17,0,0,130,2,44,0,Smolenskaa oblast_
100,Smolenskaa oblast_,Glinkovskaa,1,5,4,111,1,0,0,0,89,122,171,33,89,33,0,0,150,0,28,0,Smolenskaa oblast_
101,Smolenskaa oblast_,Glinkovskaa,3,19,25,250,4,1,2,0,269,304,410,37,269,37,0,0,400,2,94,0,Smolenskaa oblast_
102,Smolenskaa oblast_,Glinkovskaa,2,97,51,538,5,4,1,2,634,700,1271,70,634,70,0,0,1300,4,596,0,Smolenskaa oblast_
103,Smolenskaa oblast_,Glinkovskaa,1,26,10,188,0,1,2,1,172,229,406,59,172,59,0,0,400,2,169,0,Smolenskaa oblast_
104,Smolenskaa oblast_,Glinkovskaa,1,10,7,67,1,0,0,0,78,86,127,9,78,9,0,0,120,1,33,0,Smolenskaa oblast_
105,Smolenskaa oblast_,Glinkovskaa,0,14,4,52,1,0,0,0,61,71,135,11,61,11,0,0,130,1,58,0,Smolenskaa oblast_
106,Smolenskaa oblast_,Glinkovskaa,0,10,7,82,1,2,0,0,75,102,154,27,75,27,0,0,150,0,48,0,Smolenskaa oblast_
107,Smolenskaa oblast_,Glinkovskaa,1,14,2,61,1,1,0,0,62,80,131,18,62,18,0,0,120,0,40,0,Smolenskaa oblast_
796,Smolenskaa oblast_,Glinkovskaa,5,64,37,357,3,5,1,2,422,474,849,54,422,54,0,0,850,2,374,0,Smolenskaa oblast_
108,Smolenskaa oblast_,Demidovskaa,3,133,68,472,6,5,9,1,677,697,1180,34,677,34,0,0,1203,14,492,0,Smolenskaa oblast_
109,Smolenskaa oblast_,Demidovskaa,4,162,125,686,8,7,9,5,980,1006,1730,44,980,44,0,0,1753,18,729,0,Smolenskaa oblast_
110,Smolenskaa oblast_,Demidovskaa,6,60,63,331,6,6,0,2,452,474,750,30,452,30,0,0,760,8,278,0,Smolenskaa oblast_
111,Smolenskaa oblast_,Demidovskaa,11,154,116,700,10,9,7,5,948,1012,1722,77,948,77,0,0,1739,13,714,0,Smolenskaa oblast_
112,Smolenskaa oblast_,Demidovskaa,0,38,21,134,3,0,0,0,126,196,318,71,126,71,0,0,303,1,106,0,Smolenskaa oblast_
113,Smolenskaa oblast_,Demidovskaa,0,6,15,104,0,2,0,0,100,127,215,27,100,27,0,0,215,0,88,0,Smolenskaa oblast_
114,Smolenskaa oblast_,Demidovskaa,2,8,8,62,0,0,0,0,62,80,121,18,62,18,0,0,123,0,43,0,Smolenskaa oblast_
115,Smolenskaa oblast_,Demidovskaa,3,10,15,137,2,0,0,0,140,167,275,28,140,28,0,0,280,1,112,0,Smolenskaa oblast_
116,Smolenskaa oblast_,Demidovskaa,1,5,13,105,0,0,0,0,97,124,165,27,97,27,0,0,159,0,35,0,Smolenskaa oblast_
117,Smolenskaa oblast_,Demidovskaa,3,17,24,169,1,0,3,4,148,221,227,79,148,79,0,0,304,6,77,0,Smolenskaa oblast_
118,Smolenskaa oblast_,Demidovskaa,4,10,12,166,3,2,1,0,112,198,286,86,112,86,0,0,245,0,47,0,Smolenskaa oblast_
119,Smolenskaa oblast_,Demidovskaa,1,11,6,105,0,0,0,0,98,123,162,27,98,27,0,0,166,2,41,0,Smolenskaa oblast_
120,Smolenskaa oblast_,Demidovskaa,8,103,61,555,6,7,6,4,690,750,1416,73,690,73,0,0,1394,13,631,0,Smolenskaa oblast_
121,Smolenskaa oblast_,Demidovskaa,0,20,8,51,0,0,0,1,40,80,127,40,40,40,0,0,128,0,48,0,Smolenskaa oblast_
122,Smolenskaa oblast_,Demidovskaa,0,3,17,85,1,0,0,0,41,106,149,65,41,65,0,0,148,0,42,0,Smolenskaa oblast_
123,Smolenskaa oblast_,Demidovskaa,1,18,20,169,1,2,1,1,137,213,373,79,137,79,0,0,353,3,137,0,Smolenskaa oblast_
124,Smolenskaa oblast_,Demidovskaa,2,15,14,133,2,3,0,0,142,169,226,27,142,27,0,0,226,0,57,0,Smolenskaa oblast_
125,Smolenskaa oblast_,Demidovskaa,2,21,22,251,5,5,0,0,223,306,446,85,223,85,0,0,443,2,135,0,Smolenskaa oblast_
126,Smolenskaa oblast_,Demidovskaa,1,8,10,100,0,3,0,0,97,122,149,25,97,25,0,0,152,0,30,0,Smolenskaa oblast_
127,Smolenskaa oblast_,Demidovskaa,0,18,12,123,5,2,0,0,77,160,313,83,77,83,0,0,322,0,162,0,Smolenskaa oblast_
797,Smolenskaa oblast_,Demidovskaa,1,14,6,69,0,2,2,1,92,95,167,5,92,5,0,0,167,2,70,0,Smolenskaa oblast_
798,Smolenskaa oblast_,Demidovskaa,3,67,43,389,3,3,4,4,490,516,830,32,490,32,0,0,835,6,313,0,Smolenskaa oblast_
128,Smolenskaa oblast_,Desnogorskaa,8,171,113,1048,15,10,8,5,1371,1378,2096,27,1372,27,0,0,2120,20,721,0,Smolenskaa oblast_
129,Smolenskaa oblast_,Desnogorskaa,5,141,100,747,21,5,7,6,1027,1032,1686,19,1029,19,0,0,1650,14,602,0,Smolenskaa oblast_
130,Smolenskaa oblast_,Desnogorskaa,11,200,114,1050,30,13,9,21,1429,1448,2088,38,1429,38,0,0,2090,19,623,0,Smolenskaa oblast_
131,Smolenskaa oblast_,Desnogorskaa,12,206,100,1017,30,9,16,14,1398,1404,1965,22,1398,22,0,0,1960,16,540,0,Smolenskaa oblast_
132,Smolenskaa oblast_,Desnogorskaa,11,183,92,1012,15,9,15,11,1342,1348,1910,31,1343,31,0,0,1920,25,546,0,Smolenskaa oblast_
133,Smolenskaa oblast_,Desnogorskaa,10,202,110,1081,32,16,17,14,1451,1482,2129,41,1455,41,0,0,2170,10,674,0,Smolenskaa oblast_
134,Smolenskaa oblast_,Desnogorskaa,11,138,115,937,24,6,7,10,1246,1248,1960,19,1247,19,0,0,1960,17,694,0,Smolenskaa oblast_
135,Smolenskaa oblast_,Desnogorskaa,11,195,122,1217,16,13,11,14,1603,1599,2200,20,1603,20,0,0,2010,24,387,0,Smolenskaa oblast_
136,Smolenskaa oblast_,Desnogorskaa,17,209,125,1086,17,7,13,12,1459,1486,2089,38,1464,38,0,0,2030,11,528,0,Smolenskaa oblast_
137,Smolenskaa oblast_,Desnogorskaa,6,214,80,935,18,8,14,15,1272,1290,1869,31,1272,31,0,0,1880,13,577,0,Smolenskaa oblast_
138,Smolenskaa oblast_,Desnogorskaa,8,220,129,1205,36,10,12,18,1635,1638,2166,14,1635,14,0,0,2190,11,541,0,Smolenskaa oblast_
794,Smolenskaa oblast_,Desnogorskaa,4,215,94,1046,21,10,9,13,1398,1412,2049,29,1410,29,0,0,2080,15,641,0,Smolenskaa oblast_
139,Smolenskaa oblast_,Dorogobujskaa,7,39,31,192,5,4,0,1,242,279,457,38,242,38,0,0,480,1,200,0,Smolenskaa oblast_
140,Smolenskaa oblast_,Dorogobujskaa,1,4,15,85,0,2,1,1,86,109,164,25,86,25,0,0,150,2,39,0,Smolenskaa oblast_
141,Smolenskaa oblast_,Dorogobujskaa,4,20,12,106,0,1,0,0,127,143,248,16,127,16,0,0,260,0,117,0,Smolenskaa oblast_
142,Smolenskaa oblast_,Dorogobujskaa,1,19,19,187,4,2,0,0,175,232,341,58,175,58,0,0,340,1,107,0,Smolenskaa oblast_
143,Smolenskaa oblast_,Dorogobujskaa,1,13,12,100,0,0,2,0,111,128,202,20,111,20,0,0,230,3,99,0,Smolenskaa oblast_
144,Smolenskaa oblast_,Dorogobujskaa,4,31,25,175,3,1,2,0,231,241,380,12,231,12,0,0,380,2,137,0,Smolenskaa oblast_
145,Smolenskaa oblast_,Dorogobujskaa,0,26,14,106,2,1,2,1,146,152,308,9,146,9,0,0,300,3,145,0,Smolenskaa oblast_
146,Smolenskaa oblast_,Dorogobujskaa,3,12,17,154,3,1,0,0,121,190,276,70,121,70,0,0,280,1,89,0,Smolenskaa oblast_
147,Smolenskaa oblast_,Dorogobujskaa,2,16,11,77,0,3,0,0,77,109,147,32,77,32,0,0,150,0,41,0,Smolenskaa oblast_
148,Smolenskaa oblast_,Dorogobujskaa,1,11,9,95,5,0,0,1,85,122,249,37,85,37,0,0,240,0,118,0,Smolenskaa oblast_
149,Smolenskaa oblast_,Dorogobujskaa,3,23,18,125,2,2,0,0,142,173,267,31,142,31,0,0,280,0,107,0,Smolenskaa oblast_
150,Smolenskaa oblast_,Dorogobujskaa,1,59,31,120,3,0,2,0,186,216,335,36,186,36,0,0,340,6,118,0,Smolenskaa oblast_
151,Smolenskaa oblast_,Dorogobujskaa,0,11,14,101,1,0,0,0,115,127,193,13,115,13,0,0,190,1,62,0,Smolenskaa oblast_
152,Smolenskaa oblast_,Dorogobujskaa,2,9,3,63,0,0,0,0,67,77,135,10,67,10,0,0,130,0,53,0,Smolenskaa oblast_
153,Smolenskaa oblast_,Dorogobujskaa,4,65,44,274,5,4,2,2,353,400,705,51,353,51,0,0,730,4,326,0,Smolenskaa oblast_
154,Smolenskaa oblast_,Dorogobujskaa,6,80,47,311,4,5,1,1,444,455,785,19,444,19,0,0,810,8,347,0,Smolenskaa oblast_
155,Smolenskaa oblast_,Dorogobujskaa,9,88,73,422,5,5,2,5,585,609,1240,31,585,31,0,0,1250,7,634,0,Smolenskaa oblast_
156,Smolenskaa oblast_,Dorogobujskaa,4,67,52,421,2,3,1,1,536,551,1024,23,536,23,0,0,1050,8,491,0,Smolenskaa oblast_
157,Smolenskaa oblast_,Dorogobujskaa,4,80,41,315,4,2,2,1,433,449,722,19,433,19,0,0,740,3,288,0,Smolenskaa oblast_
158,Smolenskaa oblast_,Dorogobujskaa,5,123,98,577,9,9,2,5,811,828,1507,32,811,32,0,0,1550,15,707,0,Smolenskaa oblast_
159,Smolenskaa oblast_,Dorogobujskaa,6,106,79,648,9,6,2,8,845,864,1423,31,845,31,0,0,1450,12,574,0,Smolenskaa oblast_
160,Smolenskaa oblast_,Dorogobujskaa,10,187,139,882,15,7,2,5,1247,1247,2080,20,1247,20,0,0,2100,20,833,0,Smolenskaa oblast_
161,Smolenskaa oblast_,Dorogobujskaa,2,59,32,371,9,5,5,2,478,485,863,14,478,14,0,0,890,7,398,0,Smolenskaa oblast_
162,Smolenskaa oblast_,Dorogobujskaa,18,196,105,996,16,14,10,11,1369,1366,2334,20,1369,20,0,0,2400,23,1011,0,Smolenskaa oblast_
163,Smolenskaa oblast_,Dorogobujskaa,4,90,63,551,13,5,3,4,714,733,1410,25,714,25,0,0,1500,6,761,0,Smolenskaa oblast_
164,Smolenskaa oblast_,Dorogobujskaa,10,137,100,676,15,7,4,5,946,954,1619,15,946,15,0,0,1600,7,639,0,Smolenskaa oblast_
165,Smolenskaa oblast_,Dorogobujskaa,3,59,45,338,7,2,1,3,418,458,795,44,418,44,0,0,780,4,318,0,Smolenskaa oblast_
166,Smolenskaa oblast_,Dorogobujskaa,7,180,110,941,11,10,8,7,1212,1274,2323,76,1288,76,0,0,2400,14,1036,0,Smolenskaa oblast_
167,Smolenskaa oblast_,Duhovsinskaa,9,148,127,779,23,12,2,2,1083,1102,1815,43,1083,43,0,0,1472,24,346,0,Smolenskaa oblast_
168,Smolenskaa oblast_,Duhovsinskaa,6,151,122,708,12,7,5,5,988,1016,1809,40,988,40,0,0,1515,12,487,0,Smolenskaa oblast_
169,Smolenskaa oblast_,Duhovsinskaa,11,214,121,782,9,4,8,4,1091,1153,2328,76,1091,76,0,0,1935,14,768,0,Smolenskaa oblast_
170,Smolenskaa oblast_,Duhovsinskaa,23,236,124,869,13,8,9,4,1244,1286,2360,54,1244,54,0,0,1954,12,656,0,Smolenskaa oblast_
171,Smolenskaa oblast_,Duhovsinskaa,1,16,32,142,3,2,3,1,144,200,351,56,144,56,0,0,288,0,88,0,Smolenskaa oblast_
172,Smolenskaa oblast_,Duhovsinskaa,0,3,8,73,0,4,0,0,67,88,207,21,67,21,0,0,164,0,76,0,Smolenskaa oblast_
173,Smolenskaa oblast_,Duhovsinskaa,2,11,25,93,4,0,0,0,99,135,226,36,99,36,0,0,179,0,44,0,Smolenskaa oblast_
174,Smolenskaa oblast_,Duhovsinskaa,2,24,45,167,0,2,1,0,201,241,320,42,201,42,0,0,272,2,29,0,Smolenskaa oblast_
175,Smolenskaa oblast_,Duhovsinskaa,2,2,19,64,1,0,0,0,62,88,140,26,62,26,0,0,112,0,24,0,Smolenskaa oblast_
176,Smolenskaa oblast_,Duhovsinskaa,1,13,9,96,0,0,1,0,96,120,170,24,96,24,0,0,134,0,14,0,Smolenskaa oblast_
177,Smolenskaa oblast_,Duhovsinskaa,1,12,10,91,1,2,0,2,91,119,198,29,91,29,0,0,169,1,49,0,Smolenskaa oblast_
178,Smolenskaa oblast_,Duhovsinskaa,0,23,19,146,2,3,0,0,173,193,268,20,173,20,0,0,224,0,31,0,Smolenskaa oblast_
179,Smolenskaa oblast_,Duhovsinskaa,0,1,19,81,0,1,0,0,62,102,189,42,62,42,0,0,167,2,63,0,Smolenskaa oblast_
180,Smolenskaa oblast_,Duhovsinskaa,0,10,14,151,1,1,0,0,127,177,285,51,127,51,0,0,244,1,66,0,Smolenskaa oblast_
181,Smolenskaa oblast_,Duhovsinskaa,1,19,14,106,2,0,0,0,98,142,230,48,98,48,0,0,188,4,42,0,Smolenskaa oblast_
182,Smolenskaa oblast_,Duhovsinskaa,5,108,58,351,4,6,3,4,454,539,804,90,454,90,0,0,716,5,172,0,Smolenskaa oblast_
183,Smolenskaa oblast_,Duhovsinskaa,0,9,10,102,1,1,0,0,107,123,173,17,107,17,0,0,139,1,15,0,Smolenskaa oblast_
184,Smolenskaa oblast_,Duhovsinskaa,1,8,9,73,1,0,0,0,68,92,146,24,68,24,0,0,116,0,24,0,Smolenskaa oblast_
185,Smolenskaa oblast_,Duhovsinskaa,2,26,37,154,2,5,2,1,199,229,366,31,199,31,0,0,296,1,66,0,Smolenskaa oblast_
186,Smolenskaa oblast_,Duhovsinskaa,3,13,21,114,0,0,1,0,113,152,229,39,113,39,0,0,191,0,39,0,Smolenskaa oblast_
187,Smolenskaa oblast_,Duhovsinskaa,0,7,12,59,3,0,1,0,67,82,122,15,67,15,0,0,106,0,24,0,Smolenskaa oblast_
188,Smolenskaa oblast_,El_ninskaa,3,159,85,643,10,8,5,0,873,913,1504,55,873,55,0,0,1400,15,472,0,Smolenskaa oblast_
189,Smolenskaa oblast_,El_ninskaa,5,137,64,517,9,5,5,4,713,746,1496,36,713,36,0,0,1400,3,651,0,Smolenskaa oblast_
190,Smolenskaa oblast_,El_ninskaa,6,127,68,631,6,4,6,0,811,848,1429,54,811,54,0,0,1400,17,535,0,Smolenskaa oblast_
191,Smolenskaa oblast_,El_ninskaa,6,98,65,527,9,8,4,4,702,721,1427,30,702,30,0,0,1400,11,668,0,Smolenskaa oblast_
192,Smolenskaa oblast_,El_ninskaa,5,118,122,773,24,4,3,8,1046,1057,1666,22,1047,22,0,0,1500,11,431,0,Smolenskaa oblast_
193,Smolenskaa oblast_,El_ninskaa,0,10,6,68,2,2,0,0,78,88,143,12,78,12,0,0,140,2,50,0,Smolenskaa oblast_
194,Smolenskaa oblast_,El_ninskaa,0,7,10,68,1,0,0,0,59,86,127,27,59,27,0,0,110,0,24,0,Smolenskaa oblast_
195,Smolenskaa oblast_,El_ninskaa,0,6,9,71,2,0,0,0,68,88,142,21,68,21,0,0,140,1,51,0,Smolenskaa oblast_
196,Smolenskaa oblast_,El_ninskaa,3,40,16,170,3,2,0,0,207,234,376,28,207,28,0,0,400,1,165,0,Smolenskaa oblast_
197,Smolenskaa oblast_,El_ninskaa,0,10,3,46,0,0,0,0,53,59,107,7,53,7,0,0,95,1,35,0,Smolenskaa oblast_
198,Smolenskaa oblast_,El_ninskaa,1,13,13,135,1,1,0,1,117,165,292,49,117,49,0,0,280,1,114,0,Smolenskaa oblast_
200,Smolenskaa oblast_,El_ninskaa,0,21,8,187,0,0,1,0,172,217,357,46,172,46,0,0,370,1,152,0,Smolenskaa oblast_
202,Smolenskaa oblast_,El_ninskaa,1,5,11,58,2,1,0,2,69,80,156,11,69,11,0,0,160,0,80,0,Smolenskaa oblast_
203,Smolenskaa oblast_,El_ninskaa,1,7,10,40,0,0,0,0,40,58,91,18,40,18,0,0,85,0,27,0,Smolenskaa oblast_
204,Smolenskaa oblast_,El_ninskaa,0,9,12,119,1,0,1,0,101,142,221,41,101,41,0,0,210,0,68,0,Smolenskaa oblast_
205,Smolenskaa oblast_,El_ninskaa,0,19,1,85,1,1,1,0,86,108,191,22,86,22,0,0,200,0,92,0,Smolenskaa oblast_
206,Smolenskaa oblast_,El_ninskaa,0,5,2,93,0,0,0,0,76,100,134,25,76,25,0,0,130,1,29,0,Smolenskaa oblast_
207,Smolenskaa oblast_,El_ninskaa,1,15,8,113,0,2,1,0,114,140,251,27,114,27,0,0,250,1,109,0,Smolenskaa oblast_
208,Smolenskaa oblast_,El_ninskaa,3,26,15,59,0,2,0,0,73,105,150,32,73,32,0,0,150,0,45,0,Smolenskaa oblast_
209,Smolenskaa oblast_,El_ninskaa,0,6,11,39,0,0,2,0,47,58,119,12,47,12,0,0,110,1,51,0,Smolenskaa oblast_
210,Smolenskaa oblast_,El_ninskaa,1,4,7,113,0,0,0,1,87,126,238,41,87,41,0,0,240,2,112,0,Smolenskaa oblast_
